-- phpMyAdmin SQL Dump
-- version 3.3.9
-- http://www.phpmyadmin.net
--
-- Host: localhost
-- Generato il: 18 gen, 2015 at 08:06 
-- Versione MySQL: 5.5.8
-- Versione PHP: 5.3.5

SET SQL_MODE="NO_AUTO_VALUE_ON_ZERO";


/*!40101 SET @OLD_CHARACTER_SET_CLIENT=@@CHARACTER_SET_CLIENT */;
/*!40101 SET @OLD_CHARACTER_SET_RESULTS=@@CHARACTER_SET_RESULTS */;
/*!40101 SET @OLD_COLLATION_CONNECTION=@@COLLATION_CONNECTION */;
/*!40101 SET NAMES utf8 */;

--
-- Database: `web-scraper`
--

-- --------------------------------------------------------

--
-- Struttura della tabella `associazioni`
--

CREATE TABLE IF NOT EXISTS `associazioni` (
  `cod_associazione` int(11) NOT NULL AUTO_INCREMENT,
  `nome associazione` varchar(100) NOT NULL,
  `sito` varchar(100) NOT NULL,
  `comune` varchar(100) DEFAULT NULL,
  `cap` int(5) DEFAULT NULL,
  `provincia` varchar(2) DEFAULT NULL,
  `regione` varchar(3) DEFAULT NULL,
  `categoria` varchar(70) NOT NULL,
  PRIMARY KEY (`cod_associazione`),
  KEY `sito` (`sito`)
) ENGINE=InnoDB  DEFAULT CHARSET=latin1 AUTO_INCREMENT=551 ;

--
-- Dump dei dati per la tabella `associazioni`
--

INSERT INTO `associazioni` (`cod_associazione`, `nome associazione`, `sito`, `comune`, `cap`, `provincia`, `regione`, `categoria`) VALUES
(1, 'Aimbitalia - Associazione Italiana Maestri di Ballo - Home', 'http://aimbitalia.it', 'Nola', 80035, 'NA', 'CAM', '1'),
(2, 'Associazione culturale Albertino Mussato', 'http://albertinomussato.org/', NULL, NULL, NULL, NULL, '0'),
(3, 'Associazione Vox | [(Inside)+(Radio Catt)] x Milano = Vox', 'http://associazionevox.com', NULL, NULL, NULL, NULL, '1-4'),
(4, 'Reindirizzamento Automatico', 'http://cevemb.billings.it/', NULL, NULL, NULL, NULL, '0'),
(5, 'http', 'http://www.provincia.palermo.it', NULL, NULL, NULL, NULL, '0'),
(6, 'www.labiennale.org', 'http://www.labiennale.org', NULL, NULL, NULL, NULL, '0'),
(7, 'CIBO E NON SOLO | Progetti alimentari per lo sviluppo di comunitAA', 'http://ciboenonsolo.it/', 'Ferentillo', 5034, 'TR', 'UMB', '1-4'),
(8, 'Comuni-Italiani.it: Informazioni, CAP e dati utili', 'http://www.comuni-italiani.it', NULL, NULL, NULL, NULL, '0'),
(9, 'Associazione Musicale A.R.T. MUSICA - Presidente: Romualdo Savastano', 'http://www.art-musica.it', 'Roma', 167, 'RM', 'LAZ', '1'),
(10, 'Consiglio Araldico', 'http://www.consiglioaraldico.it', NULL, NULL, NULL, NULL, '0'),
(11, 'cineforum antonianum', 'http://cineforumantonianum.blogspot.it/', NULL, NULL, NULL, NULL, '0'),
(12, 'Centro Parrocchiale San Bellino', 'http://circolo.sanbellinopd.org/', NULL, NULL, NULL, NULL, '0'),
(13, 'Home Page', 'http://www.labiolca.it/', 'Padova', 35142, 'PD', 'VEN', '0'),
(14, 'Miglioriamo il mondo, insieme - COOPI', 'http://www.coopi.org', 'Milano', 20151, 'MI', 'LOM', '0'),
(15, 'www.coralearmoniamundi.it', 'http://www.coralearmoniamundi.it', NULL, NULL, NULL, NULL, '0'),
(16, 'Nuova pagina 2', 'http://www.artcontroluce.it', NULL, NULL, NULL, NULL, '0'),
(17, 'www.lafattoriaincitta.org/', 'http://www.lafattoriaincitta.org/', 'Padova', 35129, 'PD', 'VEN', '0'),
(18, 'comunicazioneinform.it', 'http://comunicazioneinform.it', 'Roma', 176, 'RM', 'LAZ', '1-4'),
(19, 'Home', 'http://www.artmusicevent.eu/', 'Padova', 35142, 'PD', 'VEN', '1'),
(20, 'Ascoli Piceno Festival musica tradizioni sapori delle Marche', 'http://www.ascolipicenofestival.com', NULL, NULL, NULL, NULL, '1'),
(21, 'Circolo Culturale "in Cucina con Galileo"', 'http://cucinacongalileo.altervista.org', 'Padova', 35122, 'PD', 'VEN', '0'),
(22, 'Associazione Cori dell Toscana', 'http://www.coritoscana.it', NULL, NULL, NULL, NULL, '0'),
(23, 'Homepage &mdash; E-R Cultura', 'http://cultura.regione.emilia-romagna.it', 'Bologna', 40127, 'BO', 'EMR', '1'),
(24, 'Societas Veneta per la storia religiosa', 'http://digilander.libero.it/societasveneta/', NULL, NULL, NULL, NULL, '0'),
(25, 'Home - Provincia di Padova', 'http://www.provincia.pd.it', 'Padova', 35121, 'PD', 'VEN', '1'),
(26, 'A.S. Comini 1885 Padova Scherma', 'http://www.ascomini1885.org/', NULL, NULL, NULL, NULL, '4'),
(27, 'Home - La Musica InternaLa Musica Interna | Promozione, Ricerca, Didattica musicale', 'http://www.lamusicainterna.it', 'Bologna', 40126, 'BO', 'EMR', '1'),
(28, 'Lanterna Magica', 'http://www.lanternamagica.org', NULL, NULL, NULL, NULL, '1'),
(29, 'Sito ufficiale della Provincia di Ravenna	', 'http://www.provincia.ra.it', 'Ravenna', 48121, 'RA', 'EMR', '4'),
(30, 'Libera Espressione - ASD Libera Espressione', 'http://www.asdliberaespressione.it/', NULL, NULL, NULL, NULL, '4'),
(31, 'Home Page', 'http://www.corosantospirito.it/', 'Ferrara', 44100, 'FE', 'EMR', '0'),
(32, 'La homepage del CORO TRE PINI di Padova', 'http://www.corotrepini.it', NULL, NULL, NULL, NULL, '1'),
(33, 'Headline | La Piazza e Lira', 'http://www.lapiazzaelira.it', NULL, NULL, NULL, NULL, '0'),
(34, 'La Prima Web - Eventi Marche - Cultura Marche - Spettacolo Marche - Tempo Libero Marche', 'http://www.laprimaweb.it', NULL, NULL, NULL, NULL, '1'),
(35, 'Corpo Libero Padova - Website Network', 'http://www.corpolibero.org/', NULL, NULL, NULL, NULL, '4'),
(36, 'Aziende e servizi in Emilia-romagna', 'http://emilia-romagna.1254.it', 'Ferrara', 44121, 'FE', 'EMR', '4'),
(37, 'Corsi in Italia di formazione gratuiti e per il tempo libero', 'http://www.corsincitta.it', NULL, NULL, NULL, NULL, '1-4'),
(38, 'Provincia di Reggio Emilia', 'http://www.provincia.re.it', 'Reggio Emilia', 42121, 'RE', 'EMR', '4'),
(39, 'Esedra Don Bosco Skating', 'http://esedradonboscoskating.blogspot.com', NULL, NULL, NULL, NULL, '0'),
(40, 'untitled', 'http://www.psicodiscendenza.it/', NULL, NULL, NULL, NULL, '0'),
(41, 'Asem Italia onlus | organizzazione non-profit per aiutare bambini e giovani del Mozambico', 'http://www.asemitalia.org', 'Baone', 35030, 'PD', 'VEN', '1'),
(42, 'LA SFERA DANZA', 'http://www.lasferadanza.it/', 'Padova', 35122, 'PD', 'VEN', '1'),
(43, 'PSF - Psicologi Senza Frontiere - Psychologists without Frontiers', 'http://www.psicologisenzafrontiere.org', 'Padova', 35121, 'PD', 'VEN', '0'),
(44, 'www.psicorporea.it', 'http://www.psicorporea.it', NULL, NULL, NULL, NULL, '0'),
(45, 'Cospe - Cooperazione per Sviluppo Paesi Emergenti - Formazione, Donazioni Beneficenza Deducibili, 5x', 'http://www.cospe.org', 'Firenze', 50134, 'FI', 'TOS', '0'),
(46, ' Presentazione &#124  Associazione Tenda Padova', 'http://www.latenda.org', 'Padova', 35129, 'PD', 'VEN', '0'),
(47, 'www.latintango.it', 'http://www.latintango.it', NULL, NULL, NULL, NULL, '0'),
(48, 'asergraf-grafologia.it', 'http://www.asergraf-grafologia.it/', NULL, NULL, NULL, NULL, '1'),
(49, 'COLUMNA: associazione socio-culturale italo- romena', 'http://www.ass-columna.org/', NULL, NULL, NULL, NULL, '0'),
(50, 'Associazione La Torlonga', 'http://www.latorlonga.it/', NULL, NULL, NULL, NULL, '0'),
(51, 'Homepage Associazione Psicologi per i popoli Veneto', 'http://www.psipopoli-veneto.org', NULL, NULL, NULL, NULL, '0'),
(52, 'www.quantitasqualitatis.it', 'http://www.quantitasqualitatis.it', NULL, NULL, NULL, NULL, '0'),
(53, 'Le news della nostra sede di Padova - LAV', 'http://www.lav.it/sedi/padova', 'Roma', 198, 'RM', 'LAZ', '1'),
(54, 'Cral Ulss 16 Padova', 'http://www.cralulss16.it/', NULL, NULL, NULL, NULL, '1'),
(55, 'associazione artistica cittA di Padova', 'http://www.assartepadova.it', 'Padova', 35121, 'PD', 'VEN', '1'),
(56, 'Accademia dei Rampanti', 'http://www.rampanti.org/', NULL, NULL, NULL, NULL, '0'),
(57, 'Rari Nantes Patavium 1905', 'http://www.rarinantespatavium.it', NULL, NULL, NULL, NULL, '0'),
(58, 'Lega Consumatori Veneto | Per uno stile di vita Sobrio e Solidale', 'http://www.legaconsumatoriveneto.it', NULL, NULL, NULL, NULL, '0'),
(59, 'Piemonte Eventi > Sagre e Manifestazioni nelle Langhe e nel Roero', 'http://eventi.langhe.net', 'Alba', 12051, 'CN', 'PIE', '1-4'),
(60, 'Lega del cane Padova', 'http://www.legadelcane-padova.it/', 'Baone', 35030, 'PD', 'VEN', '0'),
(61, 'Associazione Culturale Balbino del Nunzio', 'http://www.assbalbinodelnunzio.it/', NULL, NULL, NULL, NULL, '4'),
(62, 'FITeL Piemonte | Federazione Italiana Tempo Libero', 'http://fitel-pmt.it', 'Torino', 10125, 'TO', 'PIE', '1-4'),
(63, 'www.lescuoledirecitazione.it', 'http://www.lescuoledirecitazione.it', 'Gioia dei Marsi', 67055, 'AQ', 'ABR', '1'),
(64, 'âAARicerca per Credere nella Vita - RCVâAA onlus - Ricerca per Credere nella Vita - R.C.V.', 'http://www.rcv.veneto.it/', 'Baone', 35030, 'PD', 'VEN', '0'),
(65, 'CriPadova.it Comitato Provinciale di Padova', 'http://www.cripadova.it/', 'Padova', 35129, 'PD', 'VEN', '4'),
(66, 'Home Page Scuola | Scuola di Scienze Umane, Sociali e del Patrimonio culturale', 'http://www.lettere.unipd.it/cmp', NULL, NULL, NULL, NULL, '1'),
(67, '[www.regazzo.org]', 'http://www.regazzo.org/', 'Baone', 35030, 'PD', 'VEN', '0'),
(68, 'HOME - formazionecontinuas JimdoPage!', 'http://formazionecontinua.jimdo.com/', 'Padova', 35127, 'PD', 'VEN', '1'),
(69, 'HOME - formazionecontinuas JimdoPage!', 'http://formazionecontinua.jimdo.com/', 'Padova', 35127, 'PD', 'VEN', '1'),
(70, 'CSI Bologna - Centro Sportivo Italiano Comitato Provinciale di Bologna', 'http://www.csibologna.it/', 'Bologna', 40132, 'BO', 'EMR', '1-4'),
(71, 'Homepage &mdash; E-R Il portale della Regione Emilia-Romagna', 'http://www.regione.emilia-romagna.it', 'Bologna', 40127, 'BO', 'EMR', '1'),
(72, 'Asssociazione Insieme', 'http://www.assinsieme.com', NULL, NULL, NULL, NULL, '1'),
(73, 'www.regione.lombardia.it', 'http://www.regione.lombardia.it', NULL, NULL, NULL, NULL, '0'),
(74, 'aff festival internazionale del cinema documentario', 'http://freddeve.wix.com/remakecccp', NULL, NULL, NULL, NULL, '1'),
(75, 'A.M. Associazione Miastenia', 'http://www.assmiastenia.it', NULL, NULL, NULL, NULL, '0'),
(76, 'Associazione Musicainsieme', 'http://www.assmusicainsieme.it', 'Luserna San Giovanni', 10062, 'TO', 'PIE', '1'),
(77, 'Sito ufficiale CTG Centro Turistico Giovanile - VENETO', 'http://www.ctgveneto.it/', NULL, NULL, NULL, NULL, '0'),
(78, 'Medici con l&#039;Africa Cuamm', 'http://www.cuamm.org/', 'Padova', 35121, 'PD', 'VEN', '0'),
(79, 'ARKA associazione culturale Padova', 'http://www.assoarka.it', 'Padova', 35132, 'PD', 'VEN', '1'),
(80, 'Aziende e servizi Gambettola', 'http://gambettola.1254.it', 'Gambettola', 56150, 'FC', 'EMR', '0'),
(81, 'Homepage &mdash; E-R Istituto per i beni artistici culturali e naturali', 'http://ibc.regione.emilia-romagna.it', 'Bologna', 40127, 'BO', 'EMR', '0'),
(82, 'Home Page - CUC CinemaUno', 'http://www.cuc-cinemauno.it/', NULL, NULL, NULL, NULL, '1'),
(83, 'IMSLP/Petrucci Music Library: Free Public Domain Sheet Music', 'http://imslp.org', NULL, NULL, NULL, NULL, '0'),
(84, 'Cerco Lavoro | una ricerca. tutti i lavori. Indeed', 'http://it.indeed.com', NULL, NULL, NULL, NULL, '0'),
(85, 'Associazione Sportiva Cucciolo Sport', 'http://www.cucciolosport.it', NULL, NULL, NULL, NULL, '4'),
(86, 'www.culturaemusica.it', 'http://www.culturaemusica.it', NULL, NULL, NULL, NULL, '0'),
(87, 'Associazione Nazionale Arma di Cavalleria - HOME', 'http://www.assocavalleria.it', NULL, NULL, NULL, NULL, '0'),
(88, 'Aziende e servizi in Marche', 'http://marche.1254.it', 'Ascoli Piceno', 63100, 'AP', 'MAR', '0'),
(89, 'www.associazione-melody.com - Home', 'http://www.associazione-melody.com', NULL, NULL, NULL, NULL, '1'),
(90, 'Home', 'http://www.cvpuntamarina.com/', 'Ravenna', 48122, 'RA', 'EMR', '4'),
(91, 'Associazione Tangram', 'http://www.associazione-tangram.it/', 'Padova', 35137, 'PD', 'VEN', '0'),
(92, 'Associazione Andrea Pescia - Per i Bimbi del Brasile', 'http://www.associazioneandreapescia.org/', NULL, NULL, NULL, NULL, '0'),
(93, 'Associazione Antigone', 'http://www.associazioneantigone.it', NULL, NULL, NULL, NULL, '0'),
(94, 'Marche Solidali | Coordinamento organizzazioni marchigiane di cooperazione e solidarietA internazion', 'http://marchesolidali.com', 'Ancona', 60131, 'AN', 'MAR', '0'),
(95, 'DACCAPO | Associazione Trauma Cranico Onlus', 'http://www.daccapo.org', 'Padova', 35142, 'PD', 'VEN', '0'),
(96, 'Home', 'http://www.associazionearcobaleno.it', 'Padova', 35135, 'PD', 'VEN', '0'),
(97, 'M.I.CH.A. Scacchi Padova', 'http://micha-scacchipadova.blogspot.it/', NULL, NULL, NULL, NULL, '4'),
(98, 'mirepiemonte.org', 'http://mirepiemonte.org', NULL, NULL, NULL, NULL, '1'),
(99, 'Associazione Cuki', 'http://www.associazionecuki.it/', 'Albignasego', 35020, 'PD', 'VEN', '0'),
(100, 'Associazione Diritti Umani - Sviluppo Umano', 'http://www.associazionedirittiumani.it/', NULL, NULL, NULL, NULL, '0'),
(101, 'www.associazionedragodoro.it', 'http://www.associazionedragodoro.it', NULL, NULL, NULL, NULL, '0'),
(102, 'Danza.it il portale italiano della danza classica e moderna', 'http://www.danza.it', 'Torino', 10156, 'TO', 'PIE', '1'),
(103, 'Associazione Helyos', 'http://www.associazionehelyos.it', 'Padova', 35127, 'PD', 'VEN', '4'),
(104, 'Associazione Culturale InfinitaMente', 'http://www.associazioneinfinitamente.it/', NULL, NULL, NULL, NULL, '1'),
(105, 'Scuola Danza Padova - Associazione Diffusione Danza Gestuale', 'http://www.danzagestuale.it', NULL, NULL, NULL, NULL, '1'),
(106, 'ALTA: sito ufficiale Associazione Lagunari Truppe Anfibie a cura della Sez. di Bergamo', 'http://www.associazionelagunari.it', NULL, NULL, NULL, NULL, '0'),
(107, 'Danzarteatro è una scuola di danza | Danzar Teatro', 'http://www.danzarteatro.com', NULL, NULL, NULL, NULL, '1'),
(108, 'Redirect...', 'http://www.associazionelinfa.it', NULL, NULL, NULL, NULL, '0'),
(109, 'CNGEI Sezione di Padova âAA', 'http://padova.cngei.org/', 'Padova', 35141, 'PD', 'VEN', '0'),
(110, 'Associazione Mimosa - Padova', 'http://www.associazionemimosa.org', 'Padova', 35127, 'PD', 'VEN', '1'),
(111, 'ISTITUTO PER I BENI ARTISTICI, CULTURALI E NATURALI', 'http://rivista.ibc.regione.emilia-romagna.it', 'Bologna', 40127, 'BO', 'EMR', '0'),
(112, 'Homepage &mdash; E-R Scuola', 'http://scuola.regione.emilia-romagna.it', 'Bologna', 40127, 'BO', 'EMR', '1-4'),
(113, 'Associazione Musicale Lucchese', 'http://www.associazionemusicalelucchese.it', NULL, NULL, NULL, NULL, '1'),
(114, 'Danzaurbana', 'http://www.danzaurbana.it', 'Bologna', 40126, 'BO', 'EMR', '1'),
(115, 'Regione Emilia-Romagna &mdash; E-R Sociale', 'http://sociale.regione.emilia-romagna.it', 'Bologna', 40127, 'BO', 'EMR', '1-4'),
(116, 'Associazione Nemesi', 'http://www.associazionenemesi.it/', NULL, NULL, NULL, NULL, '1'),
(117, 'Notizie Dal Kenya 2013 - Dedicato a chi non piange: volontariato per il sostegno a distanza', 'http://www.dedicatonlus.info', 'Padova', 35136, 'PD', 'VEN', '0'),
(118, 'Associazione Pulcino a favore dei bimbi nati prematuramente', 'http://www.associazionepulcino.it', NULL, NULL, NULL, NULL, '0'),
(119, 'Home - Associazione Welcome', 'http://www.associazionewelcome.it/', 'Padova', 35125, 'PD', 'VEN', '4'),
(120, 'suldivano.org/', 'http://suldivano.org/', NULL, NULL, NULL, NULL, '1'),
(121, 'Il sito delle associazioni di Milano e provincia', 'http://www.associazioni.milano.it', NULL, NULL, NULL, NULL, '0'),
(122, 'Benvenuto nella nostra realtAA...', 'http://teniamoci.it/', NULL, NULL, NULL, NULL, '0'),
(123, 'associ@zionifvg - Il primo motore di ricerca delle organizzazioni e associazioni no profit del Friul', 'http://www.associazionifvg.it', NULL, NULL, NULL, NULL, '0'),
(124, 'hacker | Just another WordPress site', 'http://topfocusmusica.altervista.org/blog/', NULL, NULL, NULL, NULL, '0'),
(125, 'Assonanza', 'http://www.assonanza.it', 'Mirandola', 41037, 'MO', 'EMR', '1'),
(126, 'De Leo Fund Onlus', 'http://www.deleofundonlus.org/', 'Padova', 35137, 'PD', 'VEN', '0'),
(127, ':: De Musica Onlus ::', 'http://www.demusicaonlus.it', NULL, NULL, NULL, NULL, '1'),
(128, 'ASSP Padova - Home page', 'http://www.assp-padova.it/', NULL, NULL, NULL, NULL, '0'),
(129, 'ATA.TEATROPADOVA | Associazione Teatro Amatoriale', 'http://www.atateatropadova.it', NULL, NULL, NULL, NULL, '1'),
(130, 'Di Architettura | Associazione Culturale Padova', 'http://www.diarchitettura.org/', NULL, NULL, NULL, NULL, '0'),
(131, 'Valentina Penello Onlus', 'http://valentinapenellonlus.org/', 'Bassano in Teverina', 1030, 'VT', 'LAZ', '1'),
(132, 'ATER', 'http://www.ater.emr.it', 'Modena', 41124, 'MO', 'EMR', '1'),
(133, ':: ATNIC ::', 'http://www.atnic.it/', NULL, NULL, NULL, NULL, '0'),
(134, 'Home', 'http://www.divefun.it/', 'Dozza', 40060, 'BO', 'EMR', '4'),
(135, '360 GRADI Il portale del tempo libero', 'http://www.360gradi.info', NULL, NULL, NULL, NULL, '1-4'),
(136, 'Home Page - Anai-it', 'http://www.autieri.it/', NULL, NULL, NULL, NULL, '1'),
(137, 'www.avamicizia.altervista.org', 'http://www.avamicizia.altervista.org', NULL, NULL, NULL, NULL, '0'),
(138, 'Avis Provinciale di Padova', 'http://www.avisprovincialepadova.it', 'Padova', 35131, 'PD', 'VEN', '1'),
(139, 'ABC Solutions - PubblicitA Medicina di Gruppo, Poliambulatori, Digital Signage, LCD sala d&#039;aspe', 'http://www.abcsolutions.it', 'Spinea', 30038, 'VE', 'VEN', '0'),
(140, 'Abracalam | Abracalam', 'http://www.abracalam.org', NULL, NULL, NULL, NULL, '1'),
(141, 'AVO Padova', 'http://www.avopadova.org', 'Padova', 35128, 'PD', 'VEN', '0'),
(142, '..:: AVSC.it ::.. Associazione Veneta Scout Cattolici', 'http://www.avsc.it', NULL, NULL, NULL, NULL, '0'),
(143, 'Home - Accademia Lorenzo Da Ponte', 'http://www.accademiadaponte.it', 'Vittorio Veneto', 31029, 'TV', 'VEN', '1'),
(144, '[Accademia Galileiana di Scienze Lettere ed Arti in Padova]', 'http://www.accademiagalileiana.it/', NULL, NULL, NULL, NULL, '1'),
(145, 'Associazione Dottor Clown Padova | Un giorno senza un sorriso AA un giorno perso!', 'http://www.dottorclownpadova.org', NULL, NULL, NULL, NULL, '0'),
(146, 'Accademia Teatrale Veneta: Scuola di Teatro a Venezia', 'http://www.accademiateatraleveneta.com', 'Venezia', 30133, 'VE', 'VEN', '1'),
(147, 'Durgananda asd - Viaggio alla ricerca di se - Corsi di yoga a Padova : Durgananda asd &#8211; Viaggi', 'http://www.durgananda.it/', 'Padova', 35142, 'PD', 'VEN', '4'),
(148, 'IN EVIDENZA - ACS - Associazione di Cooperazione e SolidarietAA', 'http://www.acs-italia.it/', NULL, NULL, NULL, NULL, '0'),
(149, 'www.acsipadova.it', 'http://www.acsipadova.it/', NULL, NULL, NULL, NULL, '0'),
(150, 'Activitaonlus', 'http://www.activitaonlus.it', 'Padova', 35134, 'PD', 'VEN', '0'),
(151, 'WikiJus - Il wiki di Diritto Civile', 'http://www.e-glossa.it', 'Milano', 20144, 'MI', 'LOM', '0'),
(152, 'Associazione Dante Alighieri: laboratorio di poesia classica', 'http://www.adalabo.blogspot.com', 'Padova', 35125, 'PD', 'VEN', '1'),
(153, 'EcoVeneto, Veneto, Eco del Veneto, Veneto On Line, Regione Veneto, Veneto Notizie, Veneto News, Ulti', 'http://www.ecoveneto.it', NULL, NULL, NULL, NULL, '0'),
(154, 'azzurro.it', 'http://www.azzurro.it/', 'Palermo', 90146, 'PA', 'SIC', '0'),
(155, 'Adnkronos', 'http://www.adnkronos.com', 'Roma', 153, 'RM', 'LAZ', '1-4'),
(156, 'il Blog sull&#039;Adozione a Distanza', 'http://www.adozione-a-distanza.info', 'Milano', 20134, 'MI', 'LOM', '0'),
(157, 'www.aeapd.it/', 'http://www.aeapd.it/', NULL, NULL, NULL, NULL, '0'),
(158, 'Gruppo Fotografico Antenore | Il sito e il blog della fotografia a Padova', 'http://www.fotoantenore.org', NULL, NULL, NULL, NULL, '0'),
(159, 'Brescia - Brescia On Line - Il Portale di Brescia', 'http://www.bresciaonline.it', 'Brescia', 25121, 'BS', 'LOM', '1-4'),
(160, 'Home Page | Scienza e Governo', 'http://www.scienzaegoverno.org/', 'Padova', 35124, 'PD', 'VEN', '0'),
(161, 'They call it Europe... we call it home!', 'http://www.aegeepadova.org', NULL, NULL, NULL, NULL, '1-4'),
(162, 'cabaret veneto satira politica cultura tradizioni :: le Bronse Querte', 'http://www.bronsequerte.it', 'Padova', 35128, 'PD', 'VEN', '1'),
(163, 'Freedom for Children', 'http://www.freedomforchildren.org/', NULL, NULL, NULL, NULL, '0'),
(164, 'A.E.R.CO. - Associazione Emiliano-Romagnola Cori', 'http://www.aerco.it/', NULL, NULL, NULL, NULL, '0'),
(165, 'Associazione culturale Musica 90', 'http://www.musica90.net', 'Torino', 10152, 'TO', 'PIE', '1'),
(166, 'AFASIA &#8211; Volontari veneti A.IT.A &#8211; Padova', 'http://www.afasiavolontarivenetiaita.it/', NULL, NULL, NULL, NULL, '0'),
(167, 'Document sans nom', 'http://www.musicaanticamagnano.com', NULL, NULL, NULL, NULL, '1'),
(168, 'BuonaCausa.org - raccolte fondi, fundraising, crowdfunding, appelli e attivismo online', 'http://www.buonacausa.org', NULL, NULL, NULL, NULL, '0'),
(169, 'AFIC - Associazione Festival Italiani di Cinema', 'http://www.aficfestival.it', NULL, NULL, NULL, NULL, '1'),
(170, 'Free Software Users Group Padova » Associazione di Promozione Sociale', 'http://www.fsugpadova.org', NULL, NULL, NULL, NULL, '0'),
(171, 'Home', 'http://www.cadelfa.it', NULL, NULL, NULL, NULL, '0'),
(172, 'Scout Pablo Neruda', 'http://www.scoutneruda.it', 'Padova', 35143, 'PD', 'VEN', '4'),
(173, 'Entra nel Sito', 'http://www.agdpadova.it/', NULL, NULL, NULL, NULL, '0'),
(174, 'Scuola di Musicoterapia - Home', 'http://www.scuoladimusicoterapia.it', NULL, NULL, NULL, NULL, '1'),
(175, 'Scuola di Teatro di Bologna ''Alessandra Galante Garrone''', 'http://www.scuoladiteatrodibologna.it', NULL, NULL, NULL, NULL, '1'),
(176, 'giovani e cuore aritmico onlus', 'http://www.gecaonlus.org', 'Padova', 35126, 'PD', 'VEN', '0'),
(177, 'Scuolafamiglia', 'http://www.scuolafamiglia.org', 'Padova', 35126, 'PD', 'VEN', '4'),
(178, 'HOME - GenerAZIONI Solidali Padova', 'http://www.generazionisolidali.org/', NULL, NULL, NULL, NULL, '1-4'),
(179, 'Home - GenitorialitAA', 'http://www.genitorialita.it', 'Padova', 35135, 'PD', 'VEN', '1'),
(180, 'Scuola di Musica Roma e Palestrina | Accademia Musicale Praeneste', 'http://www.scuolamusicale.com', 'Palestrina', 36, 'RM', 'LAZ', '1'),
(181, 'Musicaficta | Star of the music universe!', 'http://www.musicaficta.org', NULL, NULL, NULL, NULL, '1'),
(182, 'Agendaonline.it >> Idee per tempo libero, viaggi e vacanze.', 'http://www.agendaonline.it', 'Milano', 20148, 'MI', 'LOM', '1-4'),
(183, 'www.agenziaentrate.gov.it', 'http://www.agenziaentrate.gov.it', NULL, NULL, NULL, NULL, '0'),
(184, 'Associazione Musica 900 | Stagione concerti Roma EUR', 'http://www.musicanovecento.com', 'Roma', 195, 'RM', 'LAZ', '1'),
(185, 'Associazione culturale Musica Aperta di Milano - Scuola di musica per adulti, corsi e lezioni di mus', 'http://www.musicaperta.it', NULL, NULL, NULL, NULL, '1'),
(186, 'Ghosts Hockey Padova', 'http://www.ghostshockey.it/', NULL, NULL, NULL, NULL, '0'),
(187, 'AGIMUS PADOVA', 'http://www.agimuspadova.com/', 'Noventa Padovana', 35027, 'PD', 'VEN', '1'),
(188, 'Associazione Culturale MusicaVenezia', 'http://www.musicavenezia.org', NULL, NULL, NULL, NULL, '1'),
(189, 'www.musicaventunesimo.it', 'http://www.musicaventunesimo.it', NULL, NULL, NULL, NULL, '1'),
(190, 'Self Defence and Martial Team', 'http://www.sdmteam.it/', 'Padova', 35137, 'PD', 'VEN', '4'),
(191, 'Agriturismi Emilia Romagna | Agriturst er', 'http://www.agriturist-er.it', NULL, NULL, NULL, NULL, '1'),
(192, 'Giorgio Perlasca | Giusto tra le Nazioni', 'http://www.giorgioperlasca.it', 'Padova', 35143, 'PD', 'VEN', '0'),
(193, 'Mystartpage.it - Web directory dei migliori siti web.', 'http://www.mystartpage.it', NULL, NULL, NULL, NULL, '1-4'),
(194, 'Agronomi e Forestali Senza Frontiere', 'http://www.agronomisenzafrontiere.it/', NULL, NULL, NULL, NULL, '0'),
(195, 'Asd Calcio Veneto For Disable', 'http://www.calciovenetofd.it/', NULL, NULL, NULL, NULL, '4'),
(196, 'Associazione Alpinistica GIOVANE MONTAGNA - Sito nazionale - Alpinismo, escursionismo, sci alpinismo', 'http://www.giovanemontagna.org', NULL, NULL, NULL, NULL, '0'),
(197, 'Nairi Onlus', 'http://www.nairionlus.org/', 'Padova', 35139, 'PD', 'VEN', '1-4'),
(198, 'HOME - A.S.D. Gregorense Trinitas', 'http://www.gregorense.com/', NULL, NULL, NULL, NULL, '4'),
(199, '..::A.H.P. PADOVA - Associazione Hockey Pattinaggio Padova - ASD::..', 'http://www.ahppadova.it', 'Padova', 12127, 'PD', 'VEN', '4'),
(200, 'AINP &#8211; Onlus | Associazione Italiana Neuropatie Periferiche', 'http://www.neuropatia.it/', NULL, NULL, NULL, NULL, '0'),
(201, 'Cambioscena - Home', 'http://www.cambioscena.com/', NULL, NULL, NULL, NULL, '1'),
(202, 'Il girotondo - Chi siamo', 'http://www.nidoilgirotondo.com/', 'Padova', 35123, 'PD', 'VEN', '0'),
(203, 'Locali, Serate ed Eventi nelle Marche - Seratiamo', 'http://www.seratiamo.it', NULL, NULL, NULL, NULL, '0'),
(204, 'home | noiassociazione.org', 'http://www.noiassociazione.org', NULL, NULL, NULL, NULL, '1'),
(205, 'www.gruppiarcheologicidelveneto.it', 'http://www.gruppiarcheologicidelveneto.it', NULL, NULL, NULL, NULL, '0'),
(206, 'Aiab Veneto home', 'http://www.aiabveneto.org', 'Padova', 35127, 'PD', 'VEN', '0'),
(207, 'Noi Padova | Associazioni Circoli ed Oratori', 'http://www.noipadova.it', NULL, NULL, NULL, NULL, '1-4'),
(208, 'AIB-WEBAA- Il web dell&#039;Associazione Italiana Biblioteche', 'http://www.aib.it', 'Roma', 185, 'RM', 'LAZ', '1'),
(209, 'Home page - Associazioni no Profit: il portale al servizio delle associazioni', 'http://www.nonprofit.viainternet.org', NULL, NULL, NULL, NULL, '1-4'),
(210, 'Gruppo Cinofilo Il Gelso', 'http://www.gruppocinofiloilgelso.it', NULL, NULL, NULL, NULL, '0'),
(211, 'Home', 'http://www.sfe-pd.it/', 'Padova', 35139, 'PD', 'VEN', '0'),
(212, 'Home - CambiScena | Improvvisazione Teatrale Padova', 'http://www.cambiscena.it/', 'Padova', 35127, 'PD', 'VEN', '1'),
(213, 'Corsi professionali e amatoriali di Shiatsu - Scuola Internazionale di Shiatsu Italia', 'http://www.shiatsu.it/', 'Verona', 37124, 'VR', 'VEN', '0'),
(214, 'Non Profit online - Il portale del terzo settore', 'http://www.nonprofitonline.it', 'Milano', 20122, 'MI', 'LOM', '0'),
(215, 'www.noprofit.org - Il sito del no profit italiano', 'http://www.noprofit.org', NULL, NULL, NULL, NULL, '0'),
(216, 'Lo Scarpone', 'http://www.gruppoloscarponepadova.it/', NULL, NULL, NULL, NULL, '0'),
(217, 'Nordic Walking Padova: Associazione Nuovi Sentieri', 'http://www.nordicwalkingpadova.it/', NULL, NULL, NULL, NULL, '4'),
(218, 'Ai.Bi. Amici dei Bambini - sostieni il diritto di essere figlio', 'http://www.aibi.it/ita/', 'San Giuliano Milanese', 20098, 'MI', 'LOM', '0'),
(219, 'Shinynote - Cambiamo il mondo una storia alla volta', 'http://www.shinynote.com', NULL, NULL, NULL, NULL, '0'),
(220, 'Camera Minorile di Padova	', 'http://www.cameraminorilepadova.it/', NULL, NULL, NULL, NULL, '0'),
(221, 'AICA - Accademia Internazionale della Cultura e delle Arti | home | Keyword', 'http://www.aicaweb.it', NULL, NULL, NULL, NULL, '1'),
(222, 'SITO UFFICIALE GS QUICKLY', 'http://www.gsquickly.com', 'Bassano in Teverina', 1030, 'VT', 'LAZ', '1-4'),
(223, 'www.heritageforum.org', 'http://www.heritageforum.org', NULL, NULL, NULL, NULL, '0'),
(224, 'Nordic Walking Patavium', 'http://www.nordicwalkingpd.altervista.org/', NULL, NULL, NULL, NULL, '0'),
(225, 'Human Rights Awareness', 'http://www.hrawareness.org', NULL, NULL, NULL, NULL, '0'),
(226, 'Il tuo matrimonio su Nozzeclick | Nozzeclick', 'http://www.nozzeclick.com', NULL, NULL, NULL, NULL, '0'),
(227, 'Cantieri d&#039;Ottobre | Se non siete come tutti gli altri, mostratelo', 'http://www.cantieridottobre.com/', NULL, NULL, NULL, NULL, '1'),
(228, 'Syndrome EEC International', 'http://www.sindrome-eec.it/', NULL, NULL, NULL, NULL, '0'),
(229, 'Home - Aics Veneto', 'http://www.aicsveneto.it', 'Padova', 35129, 'PD', 'VEN', '4'),
(230, 'Occhio alla Notizia | Fano TV', 'http://www.occhioallanotizia.it', 'Fano', 61032, 'PU', 'MAR', '0'),
(231, 'Accademia Aikido Shochikubai', 'http://www.aikidopadova.com/', NULL, NULL, NULL, NULL, '4'),
(232, 'I Cinque Elementi Wind Ensemble', 'http://www.i5elementi.info/', 'Padova', 35124, 'PD', 'VEN', '1'),
(233, 'AIMI', 'http://www.aimi-musica.org', NULL, NULL, NULL, NULL, '1'),
(234, 'Officine Espressive | the world inside you', 'http://www.officinespressive.it/', NULL, NULL, NULL, NULL, '1'),
(235, 'www.capitpadova.it', 'http://www.capitpadova.it', NULL, NULL, NULL, NULL, '0'),
(236, 'Oikos-Bios luogo di Ascolto per pazienti oncologici', 'http://www.oikos-bios.org', NULL, NULL, NULL, NULL, '0'),
(237, 'i Carichi Sospesi', 'http://www.carichisospesi.com', NULL, NULL, NULL, NULL, '1'),
(238, 'Carla Stella', 'http://www.carlastella.it/', NULL, NULL, NULL, NULL, '1'),
(239, 'Home Page Istituto per i beni musicali in piemonte', 'http://www.ibmp.it', NULL, NULL, NULL, NULL, '1'),
(240, 'SIPPNET | SocietA Italiana di Psicoterapia Psicoanalitica (SIPP)', 'http://www.sippnet.it', 'Roma', 198, 'RM', 'LAZ', '0'),
(241, 'Sismpadova.org', 'http://www.sismpadova.org', NULL, NULL, NULL, NULL, '0'),
(242, 'www.casettamichelino.it - Casetta Michelino', 'http://www.casettamichelino.it/', NULL, NULL, NULL, NULL, '4'),
(243, 'icaro-ldv.org - sito Associazione Icaro liberi di volare Onlus', 'http://www.icaro-ldv.org', NULL, NULL, NULL, NULL, '0'),
(244, 'Soroptimist International Padova - sito ufficiale del Soroptimist club di Padova', 'http://www.soroptimistpadova.it/', NULL, NULL, NULL, NULL, '0'),
(245, 'www.icinqueelementi.com', 'http://www.icinqueelementi.com', NULL, NULL, NULL, NULL, '0'),
(246, 'www.sosafrica-pd.org', 'http://www.sosafrica-pd.org', NULL, NULL, NULL, NULL, '0'),
(247, 'ICIT - Istituto di Cultura Italo-Tedesco - La scuola di tedesco a Padova: Corsi di Tedesco - Lingua ', 'http://www.icit.it', NULL, NULL, NULL, NULL, '0'),
(248, 'Casting provini e informazioni per lavorare nello spettacolo | www.castingeprovini.com', 'http://www.castingeprovini.com', NULL, NULL, NULL, NULL, '1'),
(249, 'oltre lo sport', 'http://www.oltrelosport-padova.it', NULL, NULL, NULL, NULL, '4'),
(250, 'Associazione Sound | Scuole di musica Pontassieve, Firenze, Valdisieve, Mugello', 'http://www.sound-musiche.it', 'Pontassieve', 50065, 'FI', 'TOS', '1'),
(251, 'ifeditalia', 'http://www.ifeditalia.org/', NULL, NULL, NULL, NULL, '0'),
(252, 'Home | CEAV', 'http://www.ceavonlus.org/', 'Padova', 35131, 'PD', 'VEN', '0'),
(253, 'www.olympiavolley.com', 'http://www.olympiavolley.com', NULL, NULL, NULL, NULL, '0'),
(254, 'Il FlAAneur - Il quotidiano di Eventi e Cultura della cittA di Lecco', 'http://www.ilflaneur.com', 'Barzanò', 23891, 'LC', 'LOM', '1'),
(255, 'Il Ghirlandaio - Magazine di Real Estate, Arte e Architettura', 'http://www.ilghirlandaio.com', 'Roma', 187, 'RM', 'LAZ', '1'),
(256, 'Opera Edimar - HOME', 'http://www.operaedimar.org', 'Padova', 35136, 'PD', 'VEN', '0'),
(257, 'AICA - Accademia Internazionale della Cultura e delle Arti | home | Keyword', 'http://www.orchestragiovaniledelveneto.it', NULL, NULL, NULL, NULL, '1'),
(258, 'ilnotesmagico', 'http://www.ilnotesmagico.it', NULL, NULL, NULL, NULL, '1'),
(259, 'Monitoraggio Spettacolo Veneto', 'http://www.osservatoriospettacoloveneto.it', NULL, NULL, NULL, NULL, '1'),
(260, 'Home', 'http://www.aipp.eu/home', NULL, NULL, NULL, NULL, '0'),
(261, 'Il sogno di Stefano', 'http://www.ilsognodistefano.it', 'Padova', 35128, 'PD', 'VEN', '1'),
(262, 'A.I.T.Sa.M. Onlus - Associazione Italiana Tutela Salute Mentale', 'http://www.aitsam.it', NULL, NULL, NULL, NULL, '1'),
(263, 'Imola Vivere la Musica » L&#039;offerta musicale dell&#039;area imolese	', 'http://www.imolaviverelamusica.it', NULL, NULL, NULL, NULL, '1'),
(264, 'Circolo Overlord &#8211; Padova: giochi da tavolo, giochi di ruolo, strategia e simulazione - Circol', 'http://www.overlord.it', NULL, NULL, NULL, NULL, '0'),
(265, 'Comitato Padova Est', 'http://www.aiutiamoliaviverepadovaest.org/', 'Noventa Padovana', 35027, 'PD', 'VEN', '0'),
(266, 'IMPRESA ITALIA - IL PORTALE DELLE IMPRESE ITALIANE', 'http://www.impresaitalia.info', NULL, NULL, NULL, NULL, '0'),
(267, 'Al-Anon/Alateen Italia', 'http://www.al-anon.it', NULL, NULL, NULL, NULL, '0'),
(268, 'I Musici Patavini - HOME', 'http://www.imusicipatavini.it', NULL, NULL, NULL, NULL, '1'),
(269, 'Concerti e Locali | In-Giro.net', 'http://www.in-giro.net', NULL, NULL, NULL, NULL, '1'),
(270, 'Oxfam Italia', 'http://www.oxfamitalia.org/', 'Arezzo', 52100, 'AR', 'TOS', '0'),
(271, '..::PADOVADANZA:::.', 'http://www.padovadanza.it', NULL, NULL, NULL, NULL, '1-4'),
(272, 'Homepage | Incontragiovani Roma', 'http://www.incontragiovani.it', NULL, NULL, NULL, NULL, '1-4'),
(273, 'Benvenuti su ALICE per i DCA', 'http://www.aliceperidca.it/', 'Padova', 35136, 'PD', 'VEN', '1-4'),
(274, 'Indire, sito ufficiale', 'http://www.indire.it', 'Firenze', 50122, 'FI', 'TOS', '1-4'),
(275, 'Alliance FranAAaise di Padova » HOME', 'http://www.alliancefr.pd.it/', NULL, NULL, NULL, NULL, '1'),
(276, 'Informagiovani Ferrara | Home | informagiovani.fe.it', 'http://www.informagiovani.fe.it', 'Ferrara', 44121, 'FE', 'EMR', '1'),
(277, 'HOME', 'http://www.informagiovanni.it', NULL, NULL, NULL, NULL, '1'),
(278, 'ALMC &#8211; Associazione Lirico Musicale Clodiense | La Musica a Chioggia', 'http://www.almc.it', 'Chioggia', 30015, 'VE', 'VEN', '1'),
(279, 'Altragricoltura Nord Est - Official site', 'http://www.altragricolturanordest.it/', NULL, NULL, NULL, NULL, '0'),
(280, 'www.altrimentimusicali.org', 'http://www.altrimentimusicali.org/', NULL, NULL, NULL, NULL, '0'),
(281, 'Associazione "INGHETTO"', 'http://www.inghetto.it', NULL, NULL, NULL, NULL, '0'),
(282, 'Homepage - Intercultura', 'http://www.intercultura.it', NULL, NULL, NULL, NULL, '0'),
(283, 'PadovaDonne | L&#039;informazione al femminile', 'http://www.padovadonne.it/', NULL, NULL, NULL, NULL, '1'),
(284, 'Centro Studi Alvise Cornaro', 'http://www.alvisecornaro.org/', 'Padova', 35122, 'PD', 'VEN', '0'),
(285, 'Padova Jazz - Home', 'http://www.padovajazz.com', NULL, NULL, NULL, NULL, '0'),
(286, 'Interensemble Home Page', 'http://www.interensemble.it', NULL, NULL, NULL, NULL, '0'),
(287, 'Associazione Musicale Anton Diabelli - Padova - Home', 'http://www.amad.it', NULL, NULL, NULL, NULL, '1'),
(288, 'Gruppo AMB di Padova', 'http://www.ambpadova.it/', NULL, NULL, NULL, NULL, '0'),
(289, 'Associazione Padovana Ornicoltori', 'http://www.padovaorni.it/', 'Campagna Lupia', 30010, 'VE', 'VEN', '4'),
(290, 'Io Sono Li', 'http://www.iosonoli.com', 'Padova', 35138, 'PD', 'VEN', '1'),
(291, 'Insieme per la qualitA della vita', 'http://www.iqvpd.it/', NULL, NULL, NULL, NULL, '1'),
(292, 'irfoss.it | Istituto Ricerca e Formazione nelle Scienze Sociali', 'http://www.irfoss.it/', NULL, NULL, NULL, NULL, '0'),
(293, 'Padova Ricama', 'http://www.padovaricamalarte.it/', NULL, NULL, NULL, NULL, '1'),
(294, 'News - Padovarte', 'http://www.padovarte.com/', 'Padova', 35134, 'PD', 'VEN', '1'),
(295, 'Amici dei Popoli Padova | Associazione di volontariato', 'http://www.amicideipopolipadova.it/', NULL, NULL, NULL, NULL, '1'),
(296, 'Padova Soccorso - Onlus', 'http://www.padovasoccorso.it/', 'Padova', 35136, 'PD', 'VEN', '0'),
(297, 'Associazione Amici della Musica Milano', 'http://www.amicidellamusicamilano.it', 'Milano', 20142, 'MI', 'LOM', '1'),
(298, 'Amici della Musica Palermo', 'http://www.amicidellamusicapalermo.it', NULL, NULL, NULL, NULL, '1'),
(299, 'Spazio Con Tatto - Chi siamo', 'http://www.spaziocontatto.net/', NULL, NULL, NULL, NULL, '4'),
(300, 'Padova Triathlon', 'http://www.padovatriathlon.it', 'Padova', 35125, 'PD', 'VEN', '4'),
(301, 'Home', 'http://www.stagionearmonica.it', NULL, NULL, NULL, NULL, '0'),
(302, 'circolo deva - yoga - meditazione - corsi -padova', 'http://www.padovayoga.org/', 'Padova', 35137, 'PD', 'VEN', '1'),
(303, 'A.M.I.C.I. Veneto', 'http://www.amiciitalia.org/veneto', NULL, NULL, NULL, NULL, '0'),
(304, 'www.palioarcella.it', 'http://www.palioarcella.it', NULL, NULL, NULL, NULL, '1'),
(305, 'Stones Bike - I Cimosai - Squadra Corse', 'http://www.stonesbike.it/', NULL, NULL, NULL, NULL, '0'),
(306, 'Associazione Genitori | Scuole Paritarie Padova Scuole Romano Bruni Padova', 'http://www.istitutobruni.com/liceo-scientifico-privato-padova-r-bruni/genitori/associazione-genitori', 'Padova', 35128, 'PD', 'VEN', '1'),
(307, 'Amici della Musica Firenze', 'http://www.amicimusica.fi.it', 'Firenze', 50123, 'FI', 'TOS', '1'),
(308, 'Amici della musica - Udine', 'http://www.amicimusica.ud.it', 'Udine', 33100, 'UD', 'FVG', '1'),
(309, 'Istituto Internazionale per la Ricerca Teatrale sede casa di Carlo Goldoni - Venezia', 'http://www.istitutointernazionaleperlaricercateatrale.it', NULL, NULL, NULL, NULL, '1'),
(310, 'Amici della musica di Padova - Home', 'http://www.amicimusicapadova.org', 'Padova', 35128, 'PD', 'VEN', '1'),
(311, 'Studio Associato Attori - Benvenuti a Casa nostra', 'http://www.studioattori.it', 'Genova', 16137, 'GE', 'LIG', '1'),
(312, 'Prima Pagina :: Il pane e le rose - classe capitale e partito', 'http://www.pane-rose.it', NULL, NULL, NULL, NULL, '4'),
(313, 'Amici della Musica Sacra - Concerti Concorsi Festival Cori e Orchestre a Roma', 'http://www.amicimusicasacra.com', 'Roma', 193, 'RM', 'LAZ', '1'),
(314, 'studirosacrociani.com', 'http://www.studirosacrociani.com', NULL, NULL, NULL, NULL, '0'),
(315, 'www.ammi-italia.com', 'http://www.ammi-italia.com', NULL, NULL, NULL, NULL, '0'),
(316, 'www.amnc.it', 'http://www.amnc.it', NULL, NULL, NULL, NULL, '0'),
(317, 'Jardin de los ninos', 'http://www.jardin.it/', NULL, NULL, NULL, NULL, '0'),
(318, 'Home', 'http://www.studyoyoga.it', 'Padova', 35123, 'PD', 'VEN', '0'),
(319, 'Cecilia » per la ricerca', 'http://www.ceciliaperlaricerca.it', 'Padova', 35125, 'PD', 'VEN', '0'),
(320, 'Corsi di Tai Chi Chuan a Padova del Masetro Xu Xin', 'http://www.taichi-wudang.com/', NULL, NULL, NULL, NULL, '0'),
(321, 'JIN KARATE MAKOTOKAI - ARTI MARZIALI PADOVA MAKOTOKAI SAIKOURITSU NO UGOKI KARATE DO', 'http://www.jindojo.it', NULL, NULL, NULL, NULL, '1-4'),
(322, 'Amnesty International - Home', 'http://www.amnesty.it', 'Roma', 185, 'RM', 'LAZ', '0'),
(323, 'Homepage | Tam Teatromusica', 'http://www.tamteatromusica.it/', 'Padova', 35138, 'PD', 'VEN', '1'),
(324, 'News | Anbima Piemonte', 'http://www.anbimapiemonte.it', 'Venaria Reale', 10078, 'TO', 'PIE', '1'),
(325, 'Jonas Onlus. Centro di cura anoressia, bulimia, attacchi di panico, depressione.', 'http://www.jonasonlus.it/', NULL, NULL, NULL, NULL, '0'),
(326, 'Centro Studi Danza Classica', 'http://www.centrodanzapadova.it/', 'Padova', 35137, 'PD', 'VEN', '1'),
(327, 'A.N.D.A. - Associazione Natura Danza Ambiente', 'http://www.andaweb.it', 'Padova', 35100, 'PD', 'VEN', '1'),
(328, 'Tappeto Volante Padova | Tappeto Volante Padova &#8211; Culture in ballo', 'http://www.tappetovolantepadova.com', NULL, NULL, NULL, NULL, '1-4'),
(329, 'Corsi Joomla Gratis in Veneto - Joomla Veneto', 'http://www.joomlaveneto.org/', NULL, NULL, NULL, NULL, '0'),
(330, 'www.centrodipsicomotricitarelazionale.it', 'http://www.centrodipsicomotricitarelazionale.it/', NULL, NULL, NULL, NULL, '0'),
(331, 'Sito ufficiale di Andrea Nao', 'http://www.andreanao.it/', 'Baone', 35030, 'PD', 'VEN', '1'),
(332, 'Pagina di Benvenuto - ANFFAS ONLUS PADOVA', 'http://www.anffaspadova.it/', NULL, NULL, NULL, NULL, '0'),
(333, 'Centro Documentazione Donna "Lidia Crepet"', 'http://www.centrolidiacrepet.it', NULL, NULL, NULL, NULL, '1'),
(334, 'Karibu Afrika Onlus', 'http://www.karibuafrika.it', NULL, NULL, NULL, NULL, '4'),
(335, 'Home - Tara Cittamani	', 'http://www.taracittamani.it', NULL, NULL, NULL, NULL, '0'),
(336, 'Serenamente - Home Page', 'http://www.centroserenamente.com/', 'Padova', 35137, 'PD', 'VEN', '0'),
(337, 'Associazione Musicale Angelo Mariani', 'http://www.angelomariani.org', NULL, NULL, NULL, NULL, '1'),
(338, 'Centro Studi Teatrali Tito Livio', 'http://www.centrostuditeatralititolivio.it', NULL, NULL, NULL, NULL, '0'),
(339, 'Kinima | Sperimentazione e Formazione Culturale', 'http://www.kinima.it/', 'Padova', 35129, 'PD', 'VEN', '0'),
(340, 'Centro Ottava - Scuola professionale di musica &#8211; Roma', 'http://www.centrottava.it', NULL, NULL, NULL, NULL, '1'),
(341, 'Centro Universitario Padova', 'http://www.centrouniversitariopd.it', 'Padova', 35121, 'PD', 'VEN', '1'),
(342, 'KitoOnlus', 'http://www.kitoonlus.org/', 'Padova', 35122, 'PD', 'VEN', '0'),
(343, 'www.cesp-pd.it', 'http://www.cesp-pd.it', NULL, NULL, NULL, NULL, '0'),
(344, 'Team for Children onlus - IL NOSTRO IMPEGNO NEL SORRISO DI UN BAMBINO', 'http://www.teamforchildren.it', NULL, NULL, NULL, NULL, '1-4'),
(345, 'TeamPhotoTravel - Home', 'http://www.teamphototravel.it/', NULL, NULL, NULL, NULL, '1'),
(346, 'Pari e uguali', 'http://www.parieuguali.it', NULL, NULL, NULL, NULL, '0'),
(347, 'Anica', 'http://www.anica.it', 'Roma', 198, 'RM', 'LAZ', '1'),
(348, 'Ciai | Centro Italiano Aiuti all&#039;Infanzia', 'http://www.ciai.it', 'Milano', 20142, 'MI', 'LOM', '0'),
(349, 'ParmaSub - News', 'http://www.parmasub.it/news.php', NULL, NULL, NULL, NULL, '4'),
(350, 'CICAP', 'http://www.cicap.org', NULL, NULL, NULL, NULL, '0'),
(351, 'Associazione Nazionale Maestri di Ballo', 'http://www.anmb.net', 'Modena', 41126, 'MO', 'EMR', '1'),
(352, 'Associazione Cilla', 'http://www.cilla.it/', 'Padova', 35128, 'PD', 'VEN', '0'),
(353, 'Untitled', 'http://www.parrocchiabrusegana.it/', 'Padova', 35143, 'PD', 'VEN', '0'),
(354, 'CIN CENTRO INIZIATIVE NUOVE', 'http://www.cin-padova.it', NULL, NULL, NULL, NULL, '0'),
(355, 'Associazione di Nuoto per Portatori di Handicap Onlus', 'http://www.anpha.it', 'Padova', 35127, 'PD', 'VEN', '4'),
(356, 'A.S.D. Pattinaggio Artistico Altichiero', 'http://www.pattinaggioaltichiero.com/', 'Padova', 35135, 'PD', 'VEN', '4'),
(357, 'Anpi Padova', 'http://www.anpi-padova.it/', NULL, NULL, NULL, NULL, '0'),
(358, 'AntAAros &#8211; Associazione Gay Lesbica Bisessuale Transessuale Padova AntAAros - Associazione Gay', 'http://www.anterospadova.it/', NULL, NULL, NULL, NULL, '1-4'),
(359, 'PeaceLink - Homepage', 'http://www.peacelink.it', NULL, NULL, NULL, NULL, '0'),
(360, 'Teatro Ai Colli', 'http://www.teatroaicolli.com/', NULL, NULL, NULL, NULL, '1'),
(361, 'Teatro Bonci', 'http://www.teatrobonci.it', NULL, NULL, NULL, NULL, '1'),
(362, 'pel di carota', 'http://www.peldicarota.it/', 'Padova', 35139, 'PD', 'VEN', '0'),
(363, 'Presentazione', 'http://www.antichi-mestieri.it', 'Padova', 35129, 'PD', 'VEN', '0'),
(364, 'www.perilmondo.org', 'http://www.perilmondo.org', NULL, NULL, NULL, NULL, '0'),
(365, 'Pe.R. Me. | [Persona][Relazioni][Mediazione]', 'http://www.perme.info/', NULL, NULL, NULL, NULL, '0'),
(366, 'Teatro Carcere Emilia Romagna', 'http://www.teatrocarcere-emiliaromagna.it', NULL, NULL, NULL, NULL, '1'),
(367, 'CinemadaMare', 'http://www.cinemadamare.com', 'Roma', 136, 'RM', 'LAZ', '1'),
(368, 'www.perunanuovavita.org', 'http://www.perunanuovavita.org', NULL, NULL, NULL, NULL, '0'),
(369, 'Home', 'http://www.perunsorriso.com', NULL, NULL, NULL, NULL, '0'),
(370, 'Pet Project - Pet Therapy, Educazione Cinofila, Istruzione Cinofila', 'http://www.petproject.it', NULL, NULL, NULL, NULL, '0'),
(371, 'Teatrocontinuo', 'http://www.teatrocontinuo.it/', 'Padova', 35127, 'PD', 'VEN', '1'),
(372, 'Associazione culturale CINEMAZERO - CINEMA - FILM - SPETTACOLI - Sala Grande, Sala Pasolini, Sala To', 'http://www.cinemazero.org', 'Pordenone', 33170, 'PN', 'FVG', '1'),
(373, 'Rete Anticorpi', 'http://www.anticorpi.org', NULL, NULL, NULL, NULL, '1'),
(374, 'Teatro a Padova, spettacoli, rassegne, corsi | Teatro de LiNUTILE', 'http://www.teatrodelinutile.com/', NULL, NULL, NULL, NULL, '1'),
(375, 'www.teatrodellagranguardia.it', 'http://www.teatrodellagranguardia.it', NULL, NULL, NULL, NULL, '0'),
(376, 'Anec Home page', 'http://www.cineweb-er.com', NULL, NULL, NULL, NULL, '0'),
(377, 'Petrarca Scherma', 'http://www.petrarcascherma.it', NULL, NULL, NULL, NULL, '4'),
(378, 'Centro Giovanile Antonianum', 'http://www.antonianum.info/', NULL, NULL, NULL, NULL, '4'),
(379, 'Fondazione Giorgio Cini Onlus | Il sito della Fondazione Giorgio Cini. L&#039;offerta culturale, gli', 'http://www.cini.it', 'Venezia', 30123, 'VE', 'VEN', '1'),
(380, 'Assieme per rendere il melanoma sempre piAA curabile', 'http://www.piccolipunti.it/', 'Padova', 35131, 'PD', 'VEN', '4'),
(381, 'ApneaBlukad -', 'http://www.apneablukad.it/', NULL, NULL, NULL, NULL, '0'),
(382, 'Teatro Fuori Rotta - Home', 'http://www.teatrofuorirotta.it/', 'Albignasego', 35020, 'PD', 'VEN', '1'),
(383, 'AppaloosaItaly', 'http://www.appaloosaitaly.com/', 'Portogruaro', 30026, 'VE', 'VEN', '0'),
(384, 'Circolo della lirica', 'http://www.circolodellalirica.it', NULL, NULL, NULL, NULL, '1'),
(385, 'Home', 'http://www.applelettrosmog.it', 'Padova', 35141, 'PD', 'VEN', '0'),
(386, 'Piccolo Teatro Padova', 'http://www.piccolo-padova.it', 'Padova', 35142, 'PD', 'VEN', '1'),
(387, 'Teatro invisibile', 'http://www.teatroinvisibile.it', NULL, NULL, NULL, NULL, '1'),
(388, 'Planetario di Padova', 'http://www.planetariopadova.it/index.php', 'Padova', 35100, 'PD', 'VEN', '0'),
(389, 'Ass.Prom.Soc. Prometeus', 'http://www.apsprometeus.it/', 'Padova', 35100, 'PD', 'VEN', '1-4'),
(390, 'Circolo Amici della musica G. Frescobaldi - Ferrara', 'http://www.circolofrescobaldi.it/', NULL, NULL, NULL, NULL, '1'),
(391, 'Point Ticket - Biglietti per Teatro, Concerti, Cinema, Parchi, Mostre, Musei, Eventi Sportivi', 'http://www.pointticket.it', NULL, NULL, NULL, NULL, '1-4'),
(392, 'ArcaDiNoi Homepage', 'http://www.arcadinoi.org', NULL, NULL, NULL, NULL, '0'),
(393, 'Teatro Laterale', 'http://www.teatrolaterale.it', NULL, NULL, NULL, NULL, '0'),
(394, 'Circolo Santa Cecilia Padova', 'http://www.circolosantaceciliapd.it', NULL, NULL, NULL, NULL, '1'),
(395, 'Teatro Necessario', 'http://www.teatronecessario.it/', 'Colorno', 43052, 'PR', 'EMR', '1'),
(396, 'Polisportiva Brentella', 'http://www.polisbrentella.it', NULL, NULL, NULL, NULL, '0'),
(397, ' Home |  Associazione Ci Siamo Anche Noi', 'http://www.cisiamoanchenoi-pd.org/', 'Padova', 35129, 'PD', 'VEN', '0'),
(398, ' Home |  SocietA Archeologica Veneta', 'http://www.archeovenetaonlus.it', 'Padova', 35121, 'PD', 'VEN', '0'),
(399, 'Teatro Nucleo | Centro Produzione e ricerca teatrale', 'http://www.teatronucleo.org', 'Ferrara', 44123, 'FE', 'EMR', '1'),
(400, 'archibiodesign :: Home', 'http://www.archibiodesign.org', NULL, NULL, NULL, NULL, '0'),
(401, 'HOME', 'http://www.teatropopolare.org', NULL, NULL, NULL, NULL, '1'),
(402, 'www.arciconfraternitasantantonio.org', 'http://www.arciconfraternitasantantonio.org', NULL, NULL, NULL, NULL, '0'),
(403, 'Popoli Insieme | associazione di volontariato a Padova', 'http://www.popolinsieme.eu', NULL, NULL, NULL, NULL, '1'),
(404, 'www.poste-impresa.it', 'http://www.poste-impresa.it', NULL, NULL, NULL, NULL, '0'),
(405, 'Compagnia Arcieri Padovani', 'http://www.arcieripadovani.com', NULL, NULL, NULL, NULL, '0'),
(406, 'Benvenuto in prima pagina', 'http://www.terepia.org', NULL, NULL, NULL, NULL, '1'),
(407, 'Studi professionali e professionisti italiani: avvocati, commercialisti, architetti', 'http://www.professionisti.it', NULL, NULL, NULL, NULL, '0'),
(408, 'cittAA&partecipazione', 'http://www.cittaepartecipazione.it', NULL, NULL, NULL, NULL, '0'),
(409, 'The Andromeda Society | Associazione Culturale, dal 1997', 'http://www.theandromedasociety.org', NULL, NULL, NULL, NULL, '0'),
(410, 'Progetto Dogon | Mali', 'http://www.progettodogon.org/', 'Padova', 35141, 'PD', 'VEN', '0'),
(411, 'Associazione Ricreativa Culturale Italiana &#8211; Arci Padova| Arci Nuova Associazione AA un&#8217;', 'http://www.arcipadova.org', 'Padova', 35123, 'PD', 'VEN', '1'),
(412, 'Associazione Tommaso Pengo', 'http://www.tommasopengo.org', NULL, NULL, NULL, NULL, '4'),
(413, 'associazione disabili e anziani santa croce arda', 'http://www.ardasantacroce.it/', 'Padova', 35123, 'PD', 'VEN', '0'),
(414, 'Benvenuto in ARI Padova', 'http://www.aripadova.it/', NULL, NULL, NULL, NULL, '1'),
(415, 'Home', 'http://www.progettogulliver.org/', 'Padova', 35123, 'PD', 'VEN', '0'),
(416, 'Progetto Mattone Internazionale - ULSS 10 Veneto Orientale', 'http://www.progettomattoneinternazionale.it', NULL, NULL, NULL, NULL, '0'),
(417, 'åAAäAA | çAAãAAçAAçAAãAAæAAåAAãAAãAAãAAãAAåAAéAAåAAãAAæAAèAAãAAèAAãAAãAA', 'http://www.tonicorti.org', NULL, NULL, NULL, NULL, '0'),
(418, 'Provincia di Firenze: Home', 'http://www.provincia.fi.it', 'Firenze', 50129, 'FI', 'TOS', '1-4'),
(419, 'Compagnia della Torlonga - Spettacoli di combattimento medievale e corsi di scherma storica in Padov', 'http://www.torlonga.it/', NULL, NULL, NULL, NULL, '1'),
(421, 'www.tycoon.pd.it', 'http://www.tycoon.pd.it', NULL, NULL, NULL, NULL, '0'),
(422, 'home &#8212; Comunità per le Libere Attività Culturali', 'http://www.clacpd.org', NULL, NULL, NULL, NULL, '1'),
(423, 'UAAR Padova - Home', 'http://www.uaar.it/padova', 'Padova', 35138, 'PD', 'VEN', '1'),
(424, 'Club Ignoranti', 'http://www.clubignoranti.it', NULL, NULL, NULL, NULL, '1'),
(425, 'Unione Italiana dei Ciechi e degli Ipovedenti - ONLUS - Pagina iniziale', 'http://www.uiciechi.it', 'Roma', 187, 'RM', 'LAZ', '0'),
(426, 'Gran GalA Armonie della Sera - Armonie della Sera', 'http://www.armoniedellasera.it', 'Ponzano di Fermo', 63845, 'FM', 'MAR', '1'),
(427, 'Associazione Marry Poppins	', 'http://www.cmarypoppins.com/', 'Padova', 35138, 'PD', 'VEN', '0'),
(428, 'Scuola di Danza Ballet Center a Padova dal 1982', 'http://www.balletcenter.it', 'Padova', 35142, 'PD', 'VEN', '1-4'),
(429, 'Balletto.net - il giornale della danza', 'http://www.balletto.net', NULL, NULL, NULL, NULL, '1'),
(430, 'Coco Loco Padova', 'http://www.cocolocopadova.it', 'Padova', 12111, 'PD', 'VEN', '0'),
(431, 'Collegio degli Ingegneri della Provincia di Padova', 'http://www.collegioingegneripadova.it', NULL, NULL, NULL, NULL, '0'),
(432, 'BALLILATINI.IT - La Salsa in Italia! Musica e ballo latino americano caraibico', 'http://www.ballilatini.it', NULL, NULL, NULL, NULL, '1'),
(433, 'lesbasbleu', 'http://www.basbleu.it/', NULL, NULL, NULL, NULL, '1'),
(434, 'UILDM Padova', 'http://www.uildmpadova.it/', 'Padova', 35143, 'PD', 'VEN', '0'),
(435, 'Uisp - Unione Italiana Sport Per tutti - Comitato Territoriale Padova', 'http://www.uisp.it/padova/', 'Padova', 35135, 'PD', 'VEN', '1-4'),
(436, 'Associazione UNICA TERRA', 'http://www.unicaterra.it/', NULL, NULL, NULL, NULL, '0'),
(437, 'www.unipd-org.it/ARCS', 'http://www.unipd-org.it/ARCS', NULL, NULL, NULL, NULL, '0'),
(438, 'BashuCreativa', 'http://www.bashu.org', NULL, NULL, NULL, NULL, '1'),
(439, '', 'http://www.unmspd.org', NULL, NULL, NULL, NULL, '0'),
(440, 'Cappella Musicale della Beata Vergine', 'http://www.beatavergine.org', NULL, NULL, NULL, NULL, '1'),
(441, 'www.beati.org', 'http://www.beati.org', NULL, NULL, NULL, NULL, '0'),
(442, 'Bel.Teatro', 'http://www.belteatro.it', NULL, NULL, NULL, NULL, '1'),
(443, 'Bethania Hospital Services AsMT - Chi siamo', 'http://www.bethaniahospitalservicesasmt.org', NULL, NULL, NULL, NULL, '0'),
(444, 'BIBLIOTECA dello SPORT di PADOVA', 'http://www.bibliotecadellosport.it', NULL, NULL, NULL, NULL, '4'),
(445, 'Homepage - U.S. Arcella', 'http://www.usarcella.com/', 'Padova', 35132, 'PD', 'VEN', '1-4'),
(446, 'usdsalboro.it', 'http://www.usdsalboro.it', NULL, NULL, NULL, NULL, '0'),
(447, 'Biorekk', 'http://www.biorekk.org', 'Padova', 35141, 'PD', 'VEN', '0'),
(448, 'Us Juvenilia BP | Sito Ufficiale della Juvenilia B.P. di Padova', 'http://www.usjuvenilia.it', NULL, NULL, NULL, NULL, '0'),
(449, 'BlueCommunity - Elenco artisti, professionisti, aziende, Enti, eventi: Musica, Spettacolo, Arte visi', 'http://www.bluecommunity.it', NULL, NULL, NULL, NULL, '1'),
(450, 'Borgo Altinate', 'http://www.borgoaltinate.it/', NULL, NULL, NULL, NULL, '0'),
(451, 'Unione Sportiva Torre', 'http://www.ustorre.org/', NULL, NULL, NULL, NULL, '4'),
(452, 'Valide Alternative', 'http://www.validealternative.com/', NULL, NULL, NULL, NULL, '4'),
(453, 'VALSESIA MUSICA', 'http://www.valsesiamusica.com', NULL, NULL, NULL, NULL, '1'),
(454, 'www.valsuganarugby.it', 'http://www.valsuganarugby.it', NULL, NULL, NULL, NULL, '0'),
(455, '~ Club Vecia Padova ~ Cultura - Arte - Sport - Tradizioni', 'http://www.veciapadova.org/', 'Padova', 35138, 'PD', 'VEN', '1-4'),
(456, 'www.veladriatico.it', 'http://www.veladriatico.it', NULL, NULL, NULL, NULL, '0');
INSERT INTO `associazioni` (`cod_associazione`, `nome associazione`, `sito`, `comune`, `cap`, `provincia`, `regione`, `categoria`) VALUES
(457, 'Veneto Factory | Musica | Video | Teatro | Danza | Creazioni | Eventi', 'http://www.venetofactory.com', NULL, NULL, NULL, NULL, '1'),
(458, 'Untitled Document', 'http://www.ruzzantini.it', NULL, NULL, NULL, NULL, '0'),
(459, 'home', 'http://www.momentosdealegria.org/', NULL, NULL, NULL, NULL, '0'),
(460, 'Associazione Mondo Immigrati Padova', 'http://www.mondoimmigrati.com/', NULL, NULL, NULL, NULL, '4'),
(461, 'San Marco Calcio', 'http://www.sanmarcocalcio.com/', 'Padova', 35129, 'PD', 'VEN', '4'),
(462, 'www.sanpiox.org', 'http://www.sanpiox.org', NULL, NULL, NULL, NULL, '0'),
(463, 'Benvenuti nel sito mopl.it', 'http://www.mopl.it', NULL, NULL, NULL, NULL, '4'),
(464, 'Benvenuti nel sito ufficiale di Federdanza - AGIS', 'http://www.federdanza-agis.org', NULL, NULL, NULL, NULL, '1-4'),
(465, 'FIDS - Federazione Italiana Danza Sportiva', 'http://www.federdanza.it', NULL, NULL, NULL, NULL, '1-4'),
(466, 'Tennistavolo Padova Mortise Duemila', 'http://www.mortise2000.it/', NULL, NULL, NULL, NULL, '4'),
(467, 'Centro per la MINDFULNESS in Italia âAA MOTUS MUNDI', 'http://www.motusmundi.it/', NULL, NULL, NULL, NULL, '1-4'),
(468, 'Home', 'http://www.felixefido.it', NULL, NULL, NULL, NULL, '0'),
(469, 'www.muradipadova.it', 'http://www.muradipadova.it', NULL, NULL, NULL, NULL, '0'),
(470, 'LILT - Sezione Padova', 'http://www.liltpadova.it/', NULL, NULL, NULL, NULL, '0'),
(471, 'Laboratorio di recitazione Lucia Sardo | Catania', 'http://www.luciasardo.it', 'Catania', 95121, 'CT', 'SIC', '1'),
(472, 'MACINE', 'http://www.macine.net', NULL, NULL, NULL, NULL, '1'),
(473, 'Maisha! ONLUS', 'http://www.maisha.it', 'Padova', 8843, 'PD', 'VEN', '0'),
(474, 'Mancikalalu - Onlus', 'http://www.mancikalalu.org', 'Cuneo', 12100, 'CN', 'PIE', '0'),
(475, 'MAPPALUNA - Ludoteca, Parco Giochi, Ristorante Pizzeria - Padova', 'http://www.mappaluna.it', 'Padova', 35135, 'PD', 'VEN', '1-4'),
(476, 'Marcadoc - Turismo Informazione Cultura nella Provincia di Treviso', 'http://www.marcadoc.com', 'San Biagio di Callalta', 31048, 'TV', 'VEN', '1-4'),
(477, 'Associazione di volontariato Marcellino Vais O.N.L.U.S', 'http://www.marcellinovais.it', NULL, NULL, NULL, NULL, '1-4'),
(478, 'Marche in Festa - Sagre, Fiere, Feste, Eventi della regione Marche - Eventi dal 18 al 24 Gennaio', 'http://www.marcheinfesta.it', 'Senigallia', 60019, 'AN', 'MAR', '1'),
(479, 'Marche Jazz Network', 'http://www.marchejazznetwork.it', NULL, NULL, NULL, NULL, '1'),
(480, 'marche teatro | teatro stabile pubblico', 'http://www.marcheteatro.it', 'Ancona', 60121, 'AN', 'MAR', '1'),
(481, 'MetaArte', 'http://www.metaarte.it', 'Padova', 35137, 'PD', 'VEN', '1'),
(482, 'Movimento Federalista Europeo', 'http://www.mfe.it', 'Pavia', 27100, 'PV', 'LOM', '0'),
(483, 'Home', 'http://www.midasemiliaromagna.it', NULL, NULL, NULL, NULL, '1-4'),
(484, 'Mideando String Quintet', 'http://www.mideando.it', NULL, NULL, NULL, NULL, '1'),
(485, 'Museo del PRECINEMA - Collezione Minici Zotti', 'http://www.minicizotti.it', 'Padova', 35123, 'PD', 'VEN', '0'),
(486, 'Movimento Internazionale della Riconciliazione - sede di Padova', 'http://www.mirpadova.org', 'Padova', 35137, 'PD', 'VEN', '0'),
(487, 'Associazione Culturale MOMART MOstra Mercato degli ARTisti di Padova', 'http://www.momart.padova.it', NULL, NULL, NULL, NULL, '0'),
(488, 'Museo dei Bambini di Padova', 'http://www.musbapa.it/', NULL, NULL, NULL, NULL, '0'),
(489, 'Museo Veneto del Giocattolo | la piAA ampia collezione di giocattoli antichi nel Veneto', 'http://www.museovenetogiocattolo.it/', 'Padova', 35142, 'PD', 'VEN', '0'),
(490, 'Music Marche Accordions', 'http://www.music-marche.com', NULL, NULL, NULL, NULL, '0'),
(491, 'ERTGIOVANI.COM', 'http://www.ertgiovani.com', NULL, NULL, NULL, NULL, '1'),
(492, '302 Found', 'http://www.vippadova.org', NULL, NULL, NULL, NULL, '0'),
(493, 'Festival Internazionale Del Cinema Povero', 'http://www.festivaldelcinemapovero.com', NULL, NULL, NULL, NULL, '1'),
(494, 'ESN-Padova', 'http://www.esnpadova.it', NULL, NULL, NULL, NULL, '0'),
(495, 'Vivi-Amo Villa Breda', 'http://www.vivi-amovillabreda.blogspot.it/', NULL, NULL, NULL, NULL, '0'),
(496, 'Estate Musicale Frentana', 'http://www.estatemusicalefrentana.it', 'Lanciano', 66034, 'CH', 'ABR', '1'),
(497, 'Benvenuto in FIDAS Padova', 'http://www.fidaspadova.it', NULL, NULL, NULL, NULL, '4'),
(498, 'Hotel Rimini: Hotel Riviera Romagnola All Inclusive', 'http://www.riminibeach.it', NULL, NULL, NULL, NULL, '1-4'),
(499, 'Associazione Ed allora sarA sempre festa per te - Home Page', 'http://www.festaperte.org/', NULL, NULL, NULL, NULL, '1-4'),
(500, 'Tutti i film al Cinema in Tv, Dvd. Trova lista nuovi film trailer, recensioni - Film.it', 'http://www.film.it', NULL, NULL, NULL, NULL, '1'),
(501, 'Flauto Magico - Index', 'http://www.flautomagico.it', 'Formigine', 41043, 'MO', 'EMR', '1'),
(502, 'Fondazione Baccicchetti per la Sindrome di Down | Fondazione Baccichetti', 'http://www.fondazionebaccichetti.it', NULL, NULL, NULL, NULL, '0'),
(503, 'Fondazione Comunica - Coltiviamo il Futuro', 'http://www.fondazionecomunica.org/', 'Padova', 35129, 'PD', 'VEN', '0'),
(504, 'Fondazione Minnaja - Fondazione per lo studio e la ricerca sulle malattie epatiche e sul trapianto d', 'http://www.fondazioneminnaja.com/', 'Milano', 20121, 'MI', 'LOM', '4'),
(505, 'Ritmolandia', 'http://www.ritmolandia.it', NULL, NULL, NULL, NULL, '1'),
(506, 'Energym Club - Energia. Fatica. Passione.', 'http://www.energym-club.it/', 'Padova', 35137, 'PD', 'VEN', '1-4'),
(507, 'Ente Nazionale Protezione Animali', 'http://www.enpa.it', NULL, NULL, NULL, NULL, '0'),
(508, 'Festa dei Popoli', 'http://www.festadeipopoli.it', NULL, NULL, NULL, NULL, '1'),
(509, 'FESTA_EUROPEA_DELLA_MUSICA', 'http://www.festaeuropeadellamusica.it/', NULL, NULL, NULL, NULL, '1'),
(510, 'Associazione Viviautismo Onlus', 'http://www.viviautismo.org/', 'Padova', 35136, 'PD', 'VEN', '0'),
(511, 'River Film Festival | RFF', 'http://www.riverfilmfestival.org/', NULL, NULL, NULL, NULL, '1'),
(512, 'Coro VIP - Home', 'http://www.voiceinprogress.it/', 'Padova', 35142, 'PD', 'VEN', '1'),
(513, ' Home |  VolontA di vivere', 'http://www.volontadivivere.org', NULL, NULL, NULL, NULL, '0'),
(514, 'Associazione Culturale e Sportiva, CircoliPrivati, Club', 'http://www.entes.it', NULL, NULL, NULL, NULL, '1-4'),
(515, 'Parrocchia di Voltabarozzo', 'http://www.voltabarozzo.it/', 'Padova', 35127, 'PD', 'VEN', '4'),
(516, 'Lies', 'http://www.estnord.it/lies/', NULL, NULL, NULL, NULL, '1'),
(517, 'Associazione YaBasta', 'http://www.yabasta.it/', NULL, NULL, NULL, NULL, '1'),
(518, 'Associazione Euganea del Bonsai', 'http://www.euganeabonsai.org', 'Padova', 35136, 'PD', 'VEN', '0'),
(519, 'Home - Ynsula - Armonia yoga', 'http://www.ynsula.it/', 'Padova', 35123, 'PD', 'VEN', '0'),
(520, 'EVENTI PADOVA E OLTRE - HOME PAGE', 'http://www.eventipadovaeoltre.org/', NULL, NULL, NULL, NULL, '0'),
(521, 'ZaLab - Video Partecipativo e Documentari', 'http://www.zalab.org', 'Padova', 35125, 'PD', 'VEN', '1'),
(522, 'www.fantaghirAA.org - Home', 'http://www.fantaghiro.org', 'Padova', 35132, 'PD', 'VEN', '1'),
(523, 'Ferraraitalia.it - Quotidiano di Ferrara - l&#039;informazione verticale', 'http://www.ferraraitalia.it', NULL, NULL, NULL, NULL, '1-4'),
(524, 'ZENSKY-PADOVA FEMMINILE :: Calcio Femminile Padova :: Serie B Veneto', 'http://www.zenskypadovafemminile.it', NULL, NULL, NULL, NULL, '4'),
(525, 'Zoo Contenitori Culturali', 'http://www.zoo-arcipd.it/', NULL, NULL, NULL, NULL, '1'),
(526, 'Ferrara Musica: Le Ultime NovitA', 'http://www.ferraramusica.it/', 'Ferrara', 44121, 'FE', 'EMR', '1'),
(527, 'Home Page - Camera di Commercio di Roma - CCIAA Roma', 'http://www.rm.camcom.it', 'Guidonia Montecelio', 12, 'RM', 'LAZ', '4'),
(528, 'Associazione culturale "Antonio Rosmini"', 'http://www.rosminipadova.it/', 'Padova', 35128, 'PD', 'VEN', '0'),
(529, 'viaventisettembre.it | corsi, viaggi, visite alle mostre, appuntamenti in libreria', 'http://www.rossoprofili.it/', 'Padova', 35122, 'PD', 'VEN', '1'),
(530, 'SocietA di San Vincenzo de Paoli - Federazione Nazionale Italiana', 'http://www.sanvincenzoitalia.it/', 'Roma', 47561, 'RM', 'LAZ', '0'),
(531, 'Home', 'http://www.enars.it/', NULL, NULL, NULL, NULL, '0'),
(532, 'VIDES', 'http://www.videsveneto.org', 'Padova', 35139, 'PD', 'VEN', '1'),
(533, 'Rete del Non Profit della Provincia di Firenze - Home page', 'http://www.retenoprofit.it', NULL, NULL, NULL, NULL, '0'),
(534, 'Risorsa LongevitAA', 'http://www.risorsalongevita.org/', NULL, NULL, NULL, NULL, '4'),
(535, 'Ristretti Orizzonti. Sito di cultura e informazione dal carcere', 'http://www.ristretti.it', NULL, NULL, NULL, NULL, '0'),
(536, 'VIE Festival Modena - dal 9 al 25 ottobre 2014', 'http://www.viefestivalmodena.com', NULL, NULL, NULL, NULL, '1-4'),
(537, 'Home', 'http://www.libertaspadova.it', 'Padova', 35127, 'PD', 'VEN', '4'),
(538, 'Emilia Romagna Teatro Fondazione - Modena', 'http://www.emiliaromagnateatro.com/', 'Modena', 41124, 'MO', 'EMR', '1'),
(539, 'Comune di Segrate', 'http://www.comune.segrate.mi.it', 'Assago', 20090, 'MI', 'LOM', '1-4'),
(540, 'index.jpg', 'http://www.emozionincanto.it/', NULL, NULL, NULL, NULL, '0'),
(541, 'Lifeline Italia', 'http://www.lifelineitalia.org', 'Bassano in Teverina', 12117, 'VT', 'LAZ', '0'),
(542, 'Sito Ufficiale del Comune di Russi', 'http://www.comune.russi.ra.it', NULL, NULL, NULL, NULL, '1-4'),
(543, 'Emilia Romagna Teatro Fondazione - Modena', 'http://www.emiliaromagnateatro.com', 'Modena', 41124, 'MO', 'EMR', '1'),
(544, 'Comune di Rimini', 'http://www.comune.rimini.it', 'Rimini', 47921, 'RN', 'EMR', '1-4'),
(545, 'Cometa A.S.M.M.E. - Associazione Studio Malattie Metaboliche Ereditarie OnlusCometa A.S.M.M.E. | Ass', 'http://www.cometaasmme.org', 'Albignasego', 35020, 'PD', 'VEN', '1-4'),
(546, 'homepage &mdash; Rete Civica Monet', 'http://www.comune.modena.it', 'Modena', 41121, 'MO', 'EMR', '4'),
(547, 'Retecivica del Comune di Trieste', 'http://www.retecivica.trieste.it', NULL, NULL, NULL, NULL, '1-4'),
(548, 'Benvenuto in Emergency Padova', 'http://www.emergencypadova.altervista.org/', NULL, NULL, NULL, NULL, '1'),
(549, 'LibertA e Giustizia', 'http://www.libertaegiustizia.it', NULL, NULL, NULL, NULL, '0'),
(550, 'Venezia e la sua laguna', 'http://www.veniceandlagoon.net', 'Venezia', 30124, 'VE', 'VEN', '0');

-- --------------------------------------------------------

--
-- Struttura della tabella `categorie`
--

CREATE TABLE IF NOT EXISTS `categorie` (
  `codice_categoria` int(2) NOT NULL,
  `nome` varchar(100) NOT NULL,
  PRIMARY KEY (`codice_categoria`)
) ENGINE=InnoDB DEFAULT CHARSET=latin1;

--
-- Dump dei dati per la tabella `categorie`
--

INSERT INTO `categorie` (`codice_categoria`, `nome`) VALUES
(0, 'Nessuna categoria'),
(1, 'Arte Musica Spettacolo'),
(2, 'Associazione di donatori'),
(3, 'Commercio equo-solidale'),
(4, 'Sport'),
(5, 'Disabili/Handicap'),
(6, 'Donne'),
(7, 'Cultura'),
(8, 'Famiglia'),
(9, 'Istruzione e sostegno'),
(10, 'Lavoro'),
(11, 'Medicina alternativa'),
(12, 'Protezione civile'),
(13, 'Recupero e assistenza'),
(14, 'Ricerca scientifica'),
(15, 'Tutela degli animali'),
(16, 'Tutela dei cittadini'),
(17, 'Tutela dei minori e adozioni'),
(18, 'Tutela dell''ambiente'),
(19, 'Volontariato e solidarietà');

-- --------------------------------------------------------

--
-- Struttura della tabella `elenco_email`
--

CREATE TABLE IF NOT EXISTS `elenco_email` (
  `codice_email` int(11) NOT NULL AUTO_INCREMENT,
  `sito` varchar(100) NOT NULL,
  `email` varchar(100) NOT NULL,
  PRIMARY KEY (`codice_email`),
  KEY `sito` (`sito`)
) ENGINE=InnoDB  DEFAULT CHARSET=latin1 AUTO_INCREMENT=546 ;

--
-- Dump dei dati per la tabella `elenco_email`
--

INSERT INTO `elenco_email` (`codice_email`, `sito`, `email`) VALUES
(1, 'http://aimbitalia.it', 'info@aimbitalia.it'),
(2, 'http://albertinomussato.org/', 'info@albertinomussato.org'),
(3, 'http://associazionevox.com', 'info@associazionevox.com'),
(4, 'http://associazionevox.com', 'info@associazionevox.it'),
(5, 'http://ciboenonsolo.it/', 'ortiamo@ciboenonsolo.it'),
(6, 'http://ciboenonsolo.it/', 'pratoerbe@ciboenonsolo.it'),
(7, 'http://ciboenonsolo.it/', 'm.crippa@ciboenonsolo.it'),
(8, 'http://ciboenonsolo.it/', 'v.bartolomei@ciboenonsolo.it'),
(9, 'http://ciboenonsolo.it/', 's.facchin@ciboenonsolo.it'),
(10, 'http://ciboenonsolo.it/', 'a.ruggiero@ciboenonsolo.it'),
(11, 'http://www.art-musica.it', 'info@art-musica.it'),
(12, 'http://www.artcityemiliaromagna.com', 'supportocitta@aptservizi.com'),
(13, 'http://www.artcityemiliaromagna.com', 'supportoweb@aptservizi.com'),
(14, 'http://www.coopi.org', 'coopi@coopi.org'),
(15, 'http://www.lafattoriaincitta.org/', 'lafattoriaincitta@virgilio.it'),
(16, 'http://comunicazioneinform.it', 'inform@mclink.it'),
(17, 'http://www.artmusicevent.eu/', 'info@artmusicevent.eu'),
(18, 'http://cucinacongalileo.altervista.org', 'incucinacongalileo@libero.it'),
(19, 'http://www.coritoscana.it', 'info@coritoscana.it'),
(20, 'http://cultura.regione.emilia-romagna.it', 'urp@regione.emilia-romagna.it'),
(21, 'http://cultura.regione.emilia-romagna.it', 'urp@postacert.regione.emilia-romagna.it'),
(22, 'http://cultura.regione.emilia-romagna.it', 'cultura@regione.emilia-romagna.it'),
(23, 'http://www.provincia.pd.it', 'urp@provincia.padova.it'),
(24, 'http://www.provincia.pd.it', 'web@provincia.padova.it'),
(25, 'http://www.provincia.pd.it', 'provincia.padova@cert.ip-veneto.net'),
(26, 'http://www.provincia.pd.it', 'presidente@provincia.padova.it'),
(27, 'http://www.ascomini1885.org/', 'ascomini@federscherma.it'),
(28, 'http://www.lamusicainterna.it', 'info@lamusicainterna.it'),
(29, 'http://www.provincia.ra.it', 'urp@mail.provincia.ra.it'),
(30, 'http://www.provincia.ra.it', 'provra@cert.provincia.ra.it'),
(31, 'http://www.corosantospirito.it/', 'info@corosantospirito.it'),
(32, 'http://www.corosantospirito.it/', 'bighi.francesco@gmail.com'),
(33, 'http://www.laprimaweb.it', 'redazione@laprimaweb.it'),
(34, 'http://www.corsincitta.it', 'info@corsincitta.it'),
(35, 'http://emiliaromagnaedintorni.it', 'hysen@libero.it'),
(36, 'http://emiliaromagnaedintorni.it', 'hysen@libero.it'),
(37, 'http://www.provincia.re.it', 'info@provincia.re.it'),
(38, 'http://www.asemitalia.org', 'sede@asemitalia.org'),
(39, 'http://www.asemitalia.org', 'welcome@asemworld.ch'),
(40, 'http://www.asemitalia.org', 'info@asemcanada.org'),
(41, 'http://www.asemitalia.org', 'coord.asem@gmail.com'),
(42, 'http://www.asemitalia.org', 'barbara.asem@gmail.org'),
(43, 'http://www.lasferadanza.it/', 'festivalsferadanza@gmail.com'),
(44, 'http://www.lasferadanza.it/', 'lasferadanza@gmail.com'),
(45, 'http://www.psicologisenzafrontiere.org', 'psfitalia@gmail.com'),
(46, 'http://www.cospe.org', 'cospe@cospe-fi.it'),
(47, 'http://www.cospe.org', 'emiliaromagna@cospe.org'),
(48, 'http://www.cospe.org', 'marche@cospe.org'),
(49, 'http://www.cospe.org', 'veneto@cospe.org'),
(50, 'http://www.cospe.org', 'liguria@cospe.org'),
(51, 'http://www.cospe.org', 'cioni@cospe-fi.it'),
(52, 'http://www.cospe.org', 'raccoltafondi@cospe-fi.it'),
(53, 'http://www.cospe.org', 'amministrazione@cospe-fi.it'),
(54, 'http://www.ass-columna.org/', 'columna.associazione@gmail.com'),
(55, 'http://www.ass-columna.org/', 'info@ass-columna.org'),
(56, 'http://www.lav.it/sedi/padova', 'info@lav.it'),
(57, 'http://www.cralulss16.it/', 'mfarinazzo@libero.it'),
(58, 'http://www.assartepadova.it', 'assartepadova@libero.it'),
(59, 'http://www.assbalbinodelnunzio.it/', 'info@assbalbinodelnunzio.it'),
(60, 'http://fitel-pmt.it', 'fitel.piemonte@gmail.com'),
(61, 'http://www.lescuoledirecitazione.it', 'info@teatrodigioia.it'),
(62, 'http://www.lescuoledirecitazione.it', 'accademiaspettacolo@gmail.com'),
(63, 'http://www.rcv.veneto.it/', 'rcv.veneto@pec.csvpadova.org'),
(64, 'http://www.rcv.veneto.it/', 'info@rcv.veneto.it'),
(65, 'http://www.cripadova.it/', 'cp.padova@cri.it'),
(66, 'http://www.cripadova.it/', 'andrea@lincetto.me'),
(67, 'http://www.lettere.unipd.it/cmp', 'scienzeumane@unipd.it'),
(68, 'http://www.regazzo.org/', 'info@regazzo.org'),
(69, 'http://formazionecontinua.jimdo.com/', 'progettofc@libero.it'),
(70, 'http://formazionecontinua.jimdo.com/', 'progettofc@libero.it'),
(71, 'http://www.csibologna.it/', 'info@csibologna.it'),
(72, 'http://www.csibologna.it/', 'presidenza@csibologna.it'),
(73, 'http://www.csibologna.it/', 'amministrazione@csibologna.it'),
(74, 'http://www.csibologna.it/', 'ufficiostampa@csibologna.it'),
(75, 'http://www.regione.emilia-romagna.it', 'er@regione.emilia-romagna.it'),
(76, 'http://www.csibologna.it/', 'attivitasportiva@csibologna.it'),
(77, 'http://www.regione.emilia-romagna.it', 'urp@regione.emilia-romagna.it'),
(78, 'http://www.csibologna.it/', 'tesseramento@csibologna.it'),
(79, 'http://www.regione.emilia-romagna.it', 'urp@postacert.regione.emilia-romagna.it'),
(80, 'http://www.csibologna.it/', 'formazione@csibologna.it'),
(81, 'http://www.assinsieme.com', 'rubano@babybazar.it'),
(82, 'http://www.assmusicainsieme.it', 'ass.musicainsieme@libero.it'),
(83, 'http://www.ctgveneto.it/', 'ctgvenetocomunicazione@virgilio.it'),
(84, 'http://www.ctgveneto.it/', 'ctg@ctg.it'),
(85, 'http://www.cuamm.org/', 'cuamm@cuamm.org'),
(86, 'http://www.assoarka.it', 'claudia@assoarka.it'),
(87, 'http://www.assoarka.it', 'info@assoarka.it'),
(88, 'http://ibc.regione.emilia-romagna.it', 'direzioneibc@postacert.regione.emilia-romagna.it'),
(89, 'http://ibc.regione.emilia-romagna.it', 'peiibacn@postacert.regione.emilia-romagna.it'),
(90, 'http://ibc.regione.emilia-romagna.it', 'urp@regione.emilia-romagna.it'),
(91, 'http://ibc.regione.emilia-romagna.it', 'urp@postacert.regione.emilia-romagna.it'),
(92, 'http://ibc.regione.emilia-romagna.it', 'direzioneibc@regione.emilia-romagna.it'),
(93, 'http://www.cuc-cinemauno.it/', 'info@cuc-cinemauno.it'),
(94, 'http://www.associazione-melody.com', 'associazione.melody@libero.it'),
(95, 'http://www.daccapo.org', 'info@daccapo.org'),
(96, 'http://micha-scacchipadova.blogspot.it/', 'micha.scacchipadova@gmail.com'),
(97, 'http://mirepiemonte.org', 'francesco.chiaro1@istruzione.it'),
(98, 'http://www.associazionecuki.it/', 'associazione.cuki@gmail.com'),
(99, 'http://www.danza.it', 'direzione@pubbliweb.it'),
(100, 'http://www.danza.it', 'info@danza.it'),
(101, 'http://www.danza.it', 'info@pubbliweb.it'),
(102, 'http://www.associazionehelyos.it', 'info@associazionehelyos.it'),
(103, 'http://www.associazionelagunari.it', 'web@associazionelagunari.it'),
(104, 'http://padova.cngei.org/', 'padova@cngei.it'),
(105, 'http://padova.cngei.org/', 'presidente.padova@cngei.it'),
(106, 'http://padova.cngei.org/', 'commissario.padova@cngei.it'),
(107, 'http://www.associazionemimosa.org', 'info@associazionemimosa.org'),
(108, 'http://rivista.ibc.regione.emilia-romagna.it', 'direzioneibc@postacert.regione.emilia-romagna.it'),
(109, 'http://rivista.ibc.regione.emilia-romagna.it', 'urp@regione.emilia-romagna.it'),
(110, 'http://rivista.ibc.regione.emilia-romagna.it', 'urp@postacert.regione.emilia-romagna.it'),
(111, 'http://scuola.regione.emilia-romagna.it', 'urp@regione.emilia-romagna.it'),
(112, 'http://scuola.regione.emilia-romagna.it', 'urp@postacert.regione.emilia-romagna.it'),
(113, 'http://scuola.regione.emilia-romagna.it', 'scuola@regione.emilia-romagna.it'),
(114, 'http://www.associazionemusicalelucchese.it', 'info@associazionemusicalelucchese.it'),
(115, 'http://www.danzaurbana.it', 'INFO@DANZAURBANA.IT'),
(116, 'http://www.danzaurbana.it', 'info@danzaurbana.it'),
(117, 'http://sociale.regione.emilia-romagna.it', 'urp@regione.emilia-romagna.it'),
(118, 'http://sociale.regione.emilia-romagna.it', 'urp@postacert.regione.emilia-romagna.it'),
(119, 'http://sociale.regione.emilia-romagna.it', 'infosociale@regione.emilia-romagna.it'),
(120, 'http://www.dedicatonlus.info', 'info@dedicatonlus.inf'),
(121, 'http://www.associazionepulcino.it', 'info@associazionepulcino.it'),
(122, 'http://www.associazioni.milano.it', 'info@associazioni.milano.it'),
(123, 'http://www.assonanza.it', 'eventi@assonanza.it'),
(124, 'http://www.assonanza.it', 'foto@assonanza.it'),
(125, 'http://www.assonanza.it', 'mirandola@fondazionecgandreoli.it'),
(126, 'http://www.assonanza.it', 'daniela.ghesini@gmail.com'),
(127, 'http://www.deleofundonlus.org/', 'info@deleofundonlus.org'),
(128, 'http://www.assp-padova.it/', 'info@assp-padova.it'),
(129, 'http://www.atateatropadova.it', 'info@atateatropadova.it'),
(130, 'http://www.atateatropadova.it', 'gianlucameis@gmail.com'),
(131, 'http://www.atateatropadova.it', 'francesco_ferrarese@alice.it'),
(132, 'http://valentinapenellonlus.org/', 'gruppoama@valentinapenellonlus.org'),
(133, 'http://valentinapenellonlus.org/', 'lifecarepadova@valentinapenellonlus.org'),
(134, 'http://www.autieri.it/', 'anai.castropretorio@alice.it'),
(135, 'http://www.autieri.it/', 'snvphotographer@gmail.com'),
(136, 'http://www.autieri.it/', 'studiolegale@gmail.com'),
(137, 'http://www.aasu.biz/', 'direzione@aasu.biz'),
(138, 'http://www.aasu.biz/', 'direzione@aasu.biz'),
(139, 'http://www.abracalam.org', 'abracalam@hotmail.com'),
(140, 'http://www.avopadova.org', 'avo@sanita.padova.it'),
(141, 'http://www.accademiadaponte.it', 'edoardo.fainello@accademiadaponte.it'),
(142, 'http://www.accademiadaponte.it', 'irene.botteon@accademiadaponte.it'),
(143, 'http://www.accademiadaponte.it', 'katiuscia.bonato@accademiadaponte.it'),
(144, 'http://www.accademiadaponte.it', 'federica.girardello@accademiadaponte.it'),
(145, 'http://www.accademiadaponte.it', 'irene.casagrande@accademiadaponte.it'),
(146, 'http://www.accademiadaponte.it', 'francesca.zava@accademiadaponte.it'),
(147, 'http://www.accademiadaponte.it', 'francesca.bottecchia@accademiadaponte.it'),
(148, 'http://www.accademiadaponte.it', 'sartoria@accademiadaponte.it'),
(149, 'http://www.accademiadaponte.it', 'sonia.deboni@accademiadaponte.it'),
(150, 'http://www.accademiadaponte.it', 'aziende@accademiadaponte.it'),
(151, 'http://www.accademiadaponte.it', 'supporto@accademiadaponte.it'),
(152, 'http://www.accademiadaponte.it', 'direzione@accademiadaponte.it'),
(153, 'http://www.accademiadaponte.it', 'soni.deboni@accademiadaponte.it'),
(154, 'http://www.accademiateatraleveneta.com', 'info@accademiateatraleveneta.it'),
(155, 'http://www.durgananda.it/', 'info@durgananda.it'),
(156, 'http://www.activitaonlus.it', 'info@activitaonlus.it'),
(157, 'http://www.adalabo.blogspot.com', 'adalabo@libero.it'),
(158, 'http://www.adnkronos.com', 'sviluppobusiness@adnkronos.com'),
(159, 'http://www.adnkronos.com', 'segreteria.redazione@adnkronos.com'),
(160, 'http://www.adnkronos.com', 'salute@adnkronos.com'),
(161, 'http://www.adnkronos.com', 'comunicazione@adnkronos.com'),
(162, 'http://www.adnkronos.com', 'commerciale.immediapress@adnkronos.com'),
(163, 'http://www.adnkronos.com', 'helpdesk@adnkronos.com'),
(164, 'http://www.adozione-a-distanza.info', 'privacy@sositalia.it'),
(165, 'http://www.bresciaonline.it', 'clienti@numerica.com'),
(166, 'http://www.scienzaegoverno.org/', 'scienzaegoverno@scienzaegoverno.org'),
(167, 'http://www.aegeepadova.org', 'your@email.com'),
(168, 'http://www.bronsequerte.it', 'bronsequerte@bronsequerte.it'),
(169, 'http://www.afasiavolontarivenetiaita.it/', 'caterina.ciardella@gmail.com'),
(170, 'http://www.scoutneruda.it', 'info@scoutneruda.it'),
(171, 'http://www.scuoladimusicoterapia.it', 'info@scuoladimusicoterapia.it'),
(172, 'http://www.scuoladiteatrodibologna.it', 'info@scuoladiteatrodibologna.it'),
(173, 'http://www.gecaonlus.org', 'info@gecaonlus.org'),
(174, 'http://www.scuolafamiglia.org', 'segreteria@scuolafamiglia.org'),
(175, 'http://www.scuolafamiglia.org', 'info@scuolafamiglia.org'),
(176, 'http://www.generazionisolidali.org/', 'info@generazionisolidali.org'),
(177, 'http://www.genitorialita.it', 'genitorialita@yahoo.it'),
(178, 'http://www.genitorialita.it', 'info@genitorialita.it'),
(179, 'http://www.scuolamusicale.com', 'info@scuolamusicale.com'),
(180, 'http://www.scuolamusicale.com', 'segreteria@scuolamusicale.com'),
(181, 'http://www.agendaonline.it', 'Contattidirettore@agendaonline.itE'),
(182, 'http://www.agendaonline.it', 'direttore@agendaonline.it'),
(183, 'http://www.musicanovecento.com', 'assmusicanovecento@gmail.com'),
(184, 'http://www.musicanovecento.com', 'musica900@pec.it'),
(185, 'http://www.musicaperta.it', 'info@musicaperta.it'),
(186, 'http://www.agimuspadova.com/', 'agimuspadova@libero.it'),
(187, 'http://www.agriturist-er.it', 'info@agriturist-er.it'),
(188, 'http://www.giorgioperlasca.it', 'info@giorgioperlasca.it'),
(189, 'http://www.giorgioperlasca.it', 'fondazionegiorgioperlasca@pec.cgn.it'),
(190, 'http://www.mystartpage.it', 'segnalazioni@mystartpage.it'),
(191, 'http://www.agronomisenzafrontiere.it/', 'droniunipd@gmail.com'),
(192, 'http://www.agronomisenzafrontiere.it/', 'framama01@gmail.com'),
(193, 'http://www.giovanemontagna.org', 'posta@giovanemontagna.org'),
(194, 'http://www.nairionlus.org/', 'info@nairionlus.org'),
(195, 'http://www.gregorense.com/', 'info@centroserviziimpiantisti.it'),
(196, 'http://www.ahppadova.it', 'info@ahppadova.it'),
(197, 'http://www.neuropatia.it/', 'v.criconia@piccinonline.com'),
(198, 'http://www.nidoilgirotondo.com/', 'girotondopadova@gmail.com'),
(199, 'http://www.seratiamo.it', 'info@seratiamo.it'),
(200, 'http://www.noipadova.it', 'padova@noiassociazione.it'),
(201, 'http://www.aib.it', 'segreteria@aib.it'),
(202, 'http://www.aib.it', 'aib@legalmail.it'),
(203, 'http://www.aib.it', 'servizi@aib.it'),
(204, 'http://www.aib.it', 'biblioteca@aib.it'),
(205, 'http://www.aib.it', 'npl@aib.it'),
(206, 'http://www.aib.it', 'form@aib.it'),
(207, 'http://www.aib.it', 'olav@aib.it'),
(208, 'http://www.aib.it', 'oleg@aib.it'),
(209, 'http://www.aib.it', 'web@aib.itÂ'),
(210, 'http://www.aib.it', 'aibnotizie@aib.it'),
(211, 'http://www.aib.it', 'aibstudi@aib.it'),
(212, 'http://www.aib.it', 'bibliocom@aib.it'),
(213, 'http://www.aib.it', 'seminari@aib.it'),
(214, 'http://www.aib.it', 'segreteriasoci@aib.it'),
(215, 'http://www.aib.it', 'stampa@aib.it'),
(216, 'http://www.aib.it', 'aib@aib.itÂ'),
(217, 'http://www.aib.it', 'web@aib.it'),
(218, 'http://www.aib.it', 'aib@aib.it'),
(219, 'http://www.gruppocinofiloilgelso.it', 'cinofiligelso@libero.it'),
(220, 'http://www.nonprofitonline.it', 'redazione@nonprofitonline.it'),
(221, 'http://www.noprofit.org', 'noprofit@noprofit.org'),
(222, 'http://www.gruppoloscarponepadova.it/', 'segreteria@gruppoloscarponepadova.it'),
(223, 'http://www.shinynote.com', 'partner@shinynote.com'),
(224, 'http://www.cameraminorilepadova.it/', 'info@cameraminorilepadova.it'),
(225, 'http://www.aicaweb.it', 'aicasegreteria@gmail.com'),
(226, 'http://www.gsquickly.com', 'info@gsquickly.com'),
(227, 'http://www.aicaweb.it', 'segreteriaogv@gmail.com'),
(228, 'http://www.aicaweb.it', 'SIRsegreteriaogv@gmail.com'),
(229, 'http://www.aicaweb.it', 'silversymphony@aicaweb.it'),
(230, 'http://www.aicaweb.it', 'info@aica.it'),
(231, 'http://www.aicaweb.it', 'aicasegreteria@libero.it'),
(232, 'http://www.aicaweb.it', 'segreteriaogv@libero.it'),
(233, 'http://www.sindrome-eec.it/', 'volpato.giulia@gmail.com'),
(234, 'http://www.aicsveneto.it', 'comitatoregionale@aicsveneto.it'),
(235, 'http://www.aicsveneto.it', 'mailcomitatoregionale@aicsveneto.it'),
(236, 'http://www.occhioallanotizia.it', 'redazione@occhioallanotizia.it'),
(237, 'http://www.aikidopadova.com/', 'aascb@aactg.it'),
(238, 'http://www.carichisospesi.com', 'carichisospesi@gmail.com'),
(239, 'http://www.carichisospesi.com', 'carichisospesi@libero.it'),
(240, 'http://www.sippnet.it', 'sipp@sippnet.it'),
(241, 'http://www.icaro-ldv.org', 'icaro.onlus@gmail.com'),
(242, 'http://www.castingeprovini.com', 'info@castingeprovini.com'),
(243, 'http://www.oltrelosport-padova.it', 'info@oltrelosport-padova.it'),
(244, 'http://www.sound-musiche.it', 'info@sound-musiche.it'),
(245, 'http://www.sound-musiche.it', 'comunicazioni@sound-musiche.it'),
(246, 'http://www.ceavonlus.org/', 'ceav.padova@gmail.com'),
(247, 'http://www.ilflaneur.com', 'redazione@ilflaneur.com'),
(248, 'http://www.ilflaneur.com', 'valentina.sala@ilflaneur.com'),
(249, 'http://www.ilflaneur.com', 'daniele.frisco@ilflaneur.com'),
(250, 'http://www.ilflaneur.com', 'commerciale@ilflaneur.com'),
(251, 'http://www.orchestragiovaniledelveneto.it', 'aicasegreteria@gmail.com'),
(252, 'http://www.orchestragiovaniledelveneto.it', 'segreteriaogv@gmail.com'),
(253, 'http://www.orchestragiovaniledelveneto.it', 'SIRsegreteriaogv@gmail.com'),
(254, 'http://www.orchestragiovaniledelveneto.it', 'silversymphony@aicaweb.it'),
(255, 'http://www.orchestragiovaniledelveneto.it', 'info@aica.it'),
(256, 'http://www.orchestragiovaniledelveneto.it', 'aicasegreteria@libero.it'),
(257, 'http://www.orchestragiovaniledelveneto.it', 'segreteriaogv@libero.it'),
(258, 'http://www.osservatoriospettacoloveneto.it', 'monitoraggio@arteven.it'),
(259, 'http://www.aipp.eu/home', 'dentaloffice@gmail.com'),
(260, 'http://www.imolaviverelamusica.it', 'Gomezinfo@imolaviverelamusica.it'),
(261, 'http://www.imolaviverelamusica.it', 'info@imolaviverelamusica.it'),
(262, 'http://www.overlord.it', 'info@overlord.it'),
(263, 'http://www.overlord.it', 'presidente@overlord.it'),
(264, 'http://www.overlord.it', 'direttivo@overlord.it'),
(265, 'http://www.overlord.it', 'tornei@overlord.it'),
(266, 'http://www.overlord.it', 'news@overlord.it'),
(267, 'http://www.overlord.it', 'ilgattonerosuidadi@overlord.it'),
(268, 'http://www.aiutiamoliaviverepadovaest.org/', 'padovaest@aiutiamoliavivere.it'),
(269, 'http://www.indire.it', 'indire@pec.it'),
(270, 'http://www.informagiovani.fe.it', 'informagiovani@comune.fe.it'),
(271, 'http://www.informagiovanni.it', 'informagiovani@comune.sanlazzaro.bo.it'),
(272, 'http://www.almc.it', 'almcbabi@tiscalinet.it'),
(273, 'http://www.almc.it', 'per.almc@alice.it'),
(274, 'http://www.inghetto.it', 'associazioneinghetto@gmail.com'),
(275, 'http://www.alvisecornaro.org/', 'info@alvisecornaro.org'),
(276, 'http://www.padovajazz.com', 'festival@padovajazz.com'),
(277, 'http://www.ambpadova.it/', 'ambpadova@alice.it'),
(278, 'http://www.ambpadova.it/', 'ambpd@lycos.it'),
(279, 'http://www.padovaorni.it/', 'padovaorni@libero.it'),
(280, 'http://www.iosonoli.com', 'production@jolefilm.it'),
(281, 'http://www.iosonoli.com', 'systema@studiosystema.it'),
(282, 'http://www.irfoss.it/', 'info@irfoss.it'),
(283, 'http://www.padovaricamalarte.it/', 'padova.ricamalarte@libero.it'),
(284, 'http://www.padovasoccorso.it/', 'padovasoccorso@libero.it'),
(285, 'http://www.amicidellamusicamilano.it', 'info@amicidellamusicamilano.it'),
(286, 'http://www.padovatriathlon.it', 'info@padovatriathlon.it'),
(287, 'http://www.padovayoga.org/', 'circolo.deva@padovayoga.org'),
(288, 'http://www.amiciitalia.org/veneto', 'amicitriveneto@inwind.it'),
(289, 'http://www.palioarcella.it', 'palio.arcella@libero.it'),
(290, 'http://www.istitutobruni.com/liceo-scientifico-privato-padova-r-bruni/genitori/associazione-genitori', 'info@istitutobruni.com'),
(291, 'http://www.istitutobruni.com/liceo-scientifico-privato-padova-r-bruni/genitori/associazione-genitori', 'beretta@istitutobruni.com'),
(292, 'http://www.istitutobruni.com/liceo-scientifico-privato-padova-r-bruni/genitori/associazione-genitori', 'bettini@istitutobruni.com'),
(293, 'http://www.istitutobruni.com/liceo-scientifico-privato-padova-r-bruni/genitori/associazione-genitori', 'liceo@istitutobruni.com'),
(294, 'http://www.amicimusica.fi.it', 'info@amicimusica.fi.it'),
(295, 'http://www.amicimusica.fi.it', 'mailbox@amicimusica.fi.it'),
(296, 'http://www.amicimusica.fi.it', 'segreteria@amicimusica.fi.it'),
(297, 'http://www.amicimusica.fi.it', 'masterclasses@amicimusica.fi.it'),
(298, 'http://www.amicimusica.fi.it', 'promozione@amicimusica.fi.it'),
(299, 'http://www.amicimusica.fi.it', 'segreteria.artistica@amicimusica.fi.it'),
(300, 'http://www.amicimusica.fi.it', 'uffstampa@amicimusica.fi.it'),
(301, 'http://www.amicimusica.ud.it', 'info.amicimusica@amicimusica.ud.it'),
(302, 'http://www.amicimusicapadova.org', 'info@amicimusicapadova.org'),
(303, 'http://www.studioattori.it', 'info@studioattori.it'),
(304, 'http://www.pane-rose.it', 'rose@tiscali.it'),
(305, 'http://www.amicimusicasacra.com', 'INFO@AIAMS.IT'),
(306, 'http://www.amicimusicasacra.com', 'info@aiams.it'),
(307, 'http://www.jardin.it/', 'info@jardin.it'),
(308, 'http://www.ceciliaperlaricerca.it', 'info@ceciliaperlaricerca.it'),
(309, 'http://www.taichi-wudang.com/', 'info@taichi-wudang.com'),
(310, 'http://www.amnesty.it', 'info@amnesty.it'),
(311, 'http://www.tamteatromusica.it/', 'info@tamteatromusica.it'),
(312, 'http://www.tamteatromusica.it/', 'flavia@tamteatromusica.it'),
(313, 'http://www.tamteatromusica.it/', 'alessandro.martinello@gmail.com'),
(314, 'http://www.tamteatromusica.it/', 'paola@tamteatromusica.it'),
(315, 'http://www.tamteatromusica.it/', 'eugenia@tamteatromusica.it'),
(316, 'http://www.tamteatromusica.it/', 'monica@tamteatromusica.it'),
(317, 'http://www.tamteatromusica.it/', 'ikon@ikonstudio.it'),
(318, 'http://www.anbimapiemonte.it', 'info@anbimapiemonte.it'),
(319, 'http://www.centrodanzapadova.it/', 'info@centrodanzapadova.it'),
(320, 'http://www.andaweb.it', 'info@andaweb.it'),
(321, 'http://www.tappetovolantepadova.com', '9013138tapp.vol@libero.it'),
(322, 'http://www.tappetovolantepadova.com', 'tapp.vol@libero.it'),
(323, 'http://www.centrodarte.it', 'info@centrodarte.it'),
(324, 'http://www.andreanao.it/', 'info@andreanao.it'),
(325, 'http://www.centrolidiacrepet.it', 'biblioteca@centrolidiacrepet.it'),
(326, 'http://www.karibuafrika.it', 'karibuafrikaonlus@gmail.com'),
(327, 'http://www.taracittamani.it', 'info@taracittamani.it'),
(328, 'http://www.centroserenamente.com/', 'info@centroserenamente.com'),
(329, 'http://www.angelomariani.org', 'associazione@angelomariani.it'),
(330, 'http://www.centrostuditeatralititolivio.it', 'csttitolivio@vodafone.it'),
(331, 'http://www.kitoonlus.org/', 'info@kitoonlus.org'),
(332, 'http://www.kitoonlus.org/', 'office@kitoonlus.org'),
(333, 'http://www.kitoonlus.org/', 'communication@kitoonlus.org'),
(334, 'http://www.teamforchildren.it', 'SEGRETERIA@TEAMFORCHILDREN.IT'),
(335, 'http://www.teamphototravel.it/', 'subscribe@teamphototravel.it'),
(336, 'http://www.charaperladanza.it', 'charaperladanza@gmail.com'),
(337, 'http://www.parieuguali.it', 'info@parieuguali.it'),
(338, 'http://www.anica.it', 'ufficiostampa@anica.it'),
(339, 'http://www.anica.it', 'anica@anica.it'),
(340, 'http://www.anica.it', 'anica.informa@anica.it'),
(341, 'http://www.ciai.it', 'adozioni@ciai.it'),
(342, 'http://www.ciai.it', 'cooperazione@ciai.it'),
(343, 'http://www.ciai.it', 'centrostudi@ciai.it'),
(344, 'http://www.ciai.it', 'ufficiostampa@ciai.it'),
(345, 'http://www.ciai.it', 'segreteriagenerale@ciai.it'),
(346, 'http://www.ciai.it', 'amministrazione@ciai.it'),
(347, 'http://www.ciai.it', 'simona.molteni@ciai.it'),
(348, 'http://www.ciai.it', 'donatella.ceralli@ciai.it'),
(349, 'http://www.ciai.it', 'info@ciai.it'),
(350, 'http://www.ciai.it', 'lazio@ciai.it'),
(351, 'http://www.ciai.it', 'puglia@ciai.it'),
(352, 'http://www.ciai.it', 'sardegna@ciai.it'),
(353, 'http://www.ciai.it', 'toscana@ciai.it'),
(354, 'http://www.ciai.it', 'veneto@ciai.it'),
(355, 'http://www.anmb.net', 'anmb@anmb.net'),
(356, 'http://www.anmb.net', 'associazionemaestriballo@pec.it'),
(357, 'http://www.cilla.it/', 'cilla@cilla.it'),
(358, 'http://www.parrocchiabrusegana.it/', 'parrocchia.brusegana@alice.itÂ'),
(359, 'http://www.cin-padova.it', 'cinpadova@libero.it'),
(360, 'http://www.anpha.it', 'anpha@anpha.it'),
(361, 'http://www.anterospadova.it/', 'info@anterospadova.it'),
(362, 'http://www.anterospadova.it/', 'portavoce@anterospadova.it'),
(363, 'http://www.teatroaicolli.com/', 'teatroaicolli@libero.it'),
(364, 'http://www.peldicarota.it/', 'infolatorlonga@gmail.com'),
(365, 'http://www.peldicarota.it/', 'info@peldicarota.it'),
(366, 'http://www.antichi-mestieri.it', 'info@antichi-mestieri.it'),
(367, 'http://www.teatrocarcere-emiliaromagna.it', 'info@teatrocarcere-emiliaromagna.it'),
(368, 'http://www.teatrocontinuo.it/', 'info@teatrocontinuo.it'),
(369, 'http://www.cinemazero.org', 'cinemazero@cinemazero.it'),
(370, 'http://www.anticorpi.org', 'coordinamento@anticorpi.org'),
(371, 'http://www.anticorpi.org', 'direzione@cantieridanza.org'),
(372, 'http://www.anticorpi.org', 'org@danzaurbana.it'),
(373, 'http://www.anticorpi.org', 'info@europateatri.191.it'),
(374, 'http://www.anticorpi.org', 'info@arboreto.org'),
(375, 'http://www.anticorpi.org', 'info@santarcangelofestival.com'),
(376, 'http://www.anticorpi.org', 'm.pedroni@comune.fe.it'),
(377, 'http://www.anticorpi.org', 'direzione@tirdanza.it'),
(378, 'http://www.anticorpi.org', 'ufficiopersonale@teatrogiocovita.it'),
(379, 'http://www.teatrodelinutile.com/', 'info@teatrodelinutile.com'),
(380, 'http://www.teatrodelinutile.com/', 'direzione@teatrodelinutile.com'),
(381, 'http://www.teatrodelinutile.com/', 'distribuzione@teatrodelinutile.com'),
(382, 'http://www.teatrodelinutile.com/', 'comunicazione@teatrodelinutile.com'),
(383, 'http://www.cini.it', 'fondazionegiorgiocini@pec.it'),
(384, 'http://www.cini.it', 'segr.gen@cini.it'),
(385, 'http://www.cini.it', 'stampa@cini.it'),
(386, 'http://www.cini.it', 'marketing@cini.it'),
(387, 'http://www.cini.it', 'ufficio.editoriale@cini.it'),
(388, 'http://www.cini.it', 'centrobranca@cini.it'),
(389, 'http://www.cini.it', 'congressi@cini.it'),
(390, 'http://www.cini.it', 'coordinamento.biblioteche@cini.it'),
(391, 'http://www.cini.it', 'arte@cini.it'),
(392, 'http://www.cini.it', 'storia@cini.it'),
(393, 'http://www.cini.it', 'musica@cini.it'),
(394, 'http://www.cini.it', 'vivaldi@cini.it'),
(395, 'http://www.cini.it', 'musica.comparata@cini.it'),
(396, 'http://www.cini.it', 'musica.antica@cini.it'),
(397, 'http://www.cini.it', 'teatromelodramma@cini.it'),
(398, 'http://www.cini.it', 'accademiasangiorgio@cini.it'),
(399, 'http://www.teatrofuorirotta.it/', 'info@teatrofuorirotta.it'),
(400, 'http://www.appaloosaitaly.com/', 'edieffe@ymail.com'),
(401, 'http://www.appaloosaitaly.com/', 'info@teamforyou.net'),
(402, 'http://www.circolodellalirica.it', '3200578485artes.padova@gmail.com'),
(403, 'http://www.circolodellalirica.it', 'ufficiostampa@circolodellalirica.it'),
(404, 'http://www.piccolo-padova.it', 'info@piccolo-padova.it'),
(405, 'http://www.piccolo-padova.it', 'info@teatroespettacolo.com'),
(406, 'http://www.teatroinvisibile.it', 'info@teatroinvisibile.it'),
(407, 'http://www.teatroinvisibile.it', 'antoniocargnello@gmail.com'),
(408, 'http://www.teatroinvisibile.it', 'saracele@hotmail.com'),
(409, 'http://www.planetariopadova.it/index.php', 'segreteria@planetariopadova.it'),
(410, 'http://www.apsprometeus.it/', 'prometeus.padova@gmail.com'),
(411, 'http://www.teatrolaterale.it', 'info@teatrolaterale.it'),
(412, 'http://www.arcadinoi.org', 'info@arcadinoi.it'),
(413, 'http://www.circolosantaceciliapd.it', 'webmaster@circolosantaceciliapd.it'),
(414, 'http://www.teatronecessario.it/', 'info@teatronecessario.it'),
(415, 'http://www.teatronecessario.it/', 'daisy@teatronecessario.it'),
(416, 'http://www.teatronucleo.org', 'info@teatronucleo.org'),
(417, 'http://www.teatronucleo.org', 'organizzazione@teatronucleo.org'),
(418, 'http://www.teatronucleo.org', 'cett@teatronucleo.org'),
(419, 'http://www.teatronucleo.org', 'amministrazione@teatronucleo.org'),
(420, 'http://www.archibiodesign.org', 'info@archibiodesign.org'),
(421, 'http://www.cittadarte.emilia-romagna.it', 'supportocitta@aptservizi.com'),
(422, 'http://www.cittadarte.emilia-romagna.it', 'supportoweb@aptservizi.com'),
(423, 'http://www.professionisti.it', 'info@professionisti.it'),
(424, 'http://www.arcipadova.org', 'padova@arci.it'),
(425, 'http://www.arcipadova.org', 'info@festacontinua.it'),
(426, 'http://www.ardasantacroce.it/', 'info@ardasantacroce.it'),
(428, 'http://www.uaar.it/padova', 'padova@uaar.it'),
(429, 'http://www.armoniedellasera.it', 'info@armoniedellasera.it'),
(430, 'http://www.armoniedellasera.it', 'ufficiostampa@armoniedellasera.it'),
(431, 'http://www.cmarypoppins.com/', 'info@mary-poppins.it'),
(432, 'http://www.balletcenter.it', 'info@balletcenter.it'),
(433, 'http://www.cocolocopadova.it', 'info@cocolocopadova.it'),
(434, 'http://www.cocolocopadova.it', 'presidente@cocolocopadova.it'),
(435, 'http://www.cocolocopadova.it', 'nicola@cocolocopadova.it'),
(436, 'http://www.ballilatini.it', 'info@ballilatini.it'),
(437, 'http://www.uisp.it/padova/', 'padova@uisp.it'),
(438, 'http://www.usarcella.com/', 'info@usarcella.com'),
(439, 'http://www.biorekk.org', 'info@biorekk.org'),
(440, 'http://www.ustorre.org/', 'INFOUSTORRE@GMAIL.COM'),
(441, 'http://www.ustorre.org/', 'lorenzino.cardin@telecomitalia.it'),
(442, 'http://www.ustorre.org/', 'infoustorre@gmail.com'),
(443, 'http://www.validealternative.com/', 'validealternative@yahoo.com'),
(444, 'http://www.veciapadova.org/', 'veciapadova@gmail.com'),
(445, 'http://www.veciapadova.org/', 'sicampa@gmail.com'),
(446, 'http://www.venetofactory.com', 'info@venetofactory.com'),
(447, 'http://www.sa-ero.archivi.beniculturali.it', 'ero@beniculturali.it'),
(448, 'http://www.sanmarcocalcio.com/', 'info@sanmarcocalcio.com'),
(449, 'http://www.mopl.it', 'info@mopl.it'),
(450, 'http://www.federdanza-agis.org', 'info@federdanza-agis.com'),
(451, 'http://www.motusmundi.it/', 'info@motusmundi.it'),
(452, 'http://www.motusmundi.it/', 'annaluck@yahoo.it'),
(453, 'http://www.motusmundi.it/', 'info@motusmundi.itP'),
(454, 'http://www.santegidio.org/', 'info@santegidio.org'),
(455, 'http://www.santegidio.org/', 'santegidio_firenze@hotmail.com'),
(456, 'http://www.santegidio.org/', 's.egidiogenova@gmail.com'),
(457, 'http://www.santegidio.org/', 'santegidiolivorno@gmail.com'),
(458, 'http://www.santegidio.org/', 'comunidad@santegidiomadrid.org'),
(459, 'http://www.santegidio.org/', 'santegidiousa@gmail.com'),
(460, 'http://www.santegidio.org/', 'santegidio@aol.com'),
(461, 'http://www.santegidio.org/', 'santegidio@seznam.cz'),
(462, 'http://www.felixefido.it', 'felixfido.info@gmail.com'),
(463, 'http://www.liltpadova.it/', 'segreteria@liltpadova.it'),
(464, 'http://www.luciasardo.it', 'info@luciasardo.it'),
(465, 'http://www.luciasardo.it', 'maurizio.leonardi@yahoo.co.uk'),
(466, 'http://www.macine.net', 'silvia.sbordoni@gmail.com'),
(467, 'http://www.mancikalalu.org', 'mancikalalu@gmail.com'),
(468, 'http://www.mappaluna.it', 'info@mappaluna.it'),
(469, 'http://www.marcadoc.com', 'info@marcadoc.it'),
(470, 'http://www.marcellinovais.it', 'info@marcellinovais.it'),
(471, 'http://www.melodiedoriente.it/', 'info@melodiedoriente.it'),
(472, 'http://www.metaarte.it', 'info@metaarte.it'),
(473, 'http://www.metaarte.it', 'info@metaarte.it.it'),
(474, 'http://www.mfe.it', 'mfe@mfe.it'),
(475, 'http://www.mideando.it', 'mideando@gmail.com'),
(476, 'http://www.minicizotti.it', 'info@minicizotti.it'),
(477, 'http://www.mirpadova.org', 'mirsezpd@libero.it'),
(478, 'http://www.mirpadova.org', 'office@ifor.org'),
(479, 'http://www.mirpadova.org', 'segreteria@miritalia.org'),
(480, 'http://www.museovenetogiocattolo.it/', 'segreteria@museovenetogiocattolo.it'),
(481, 'http://www.vivi-amovillabreda.blogspot.it/', 'associazione.viviamovillabreda@gmail.com'),
(482, 'http://www.vivi-amovillabreda.blogspot.it/', 'lucia.barbato@tiscali.it'),
(483, 'http://www.estatemusicalefrentana.it', 'segreteria@estatemusicalefrentana.it'),
(484, 'http://www.festaperte.org/', 'info@festaperte.org'),
(485, 'http://www.flautomagico.it', 'formigine@flautomagico.it'),
(486, 'http://www.flautomagico.it', 'maranello@flautomagico.it'),
(487, 'http://www.flautomagico.it', 'modena@flautomagico.it'),
(488, 'http://www.flautomagico.it', 'castelnuovo@flautomagico.it'),
(489, 'http://www.flautomagico.it', 'info@flautomagico.it'),
(490, 'http://www.fondazionebaccichetti.it', 'daniele.pol@ink-labs.com'),
(491, 'http://www.fondazionecomunica.org/', 'fondazione@fondazionecomunica.org'),
(492, 'http://www.energym-club.it/', 'energym.club@gmail.com'),
(493, 'http://www.energym-club.it/', 'info@energym-club.it'),
(494, 'http://www.festadeipopoli.it', 'info@angolidimondo.it'),
(495, 'http://www.viviautismo.org/', 'info@viviautismo.org'),
(496, 'http://www.riverfilmfestival.org/', 'info@riverfilmfestival.org'),
(497, 'http://www.riverfilmfestival.org/', 'direzione@riverfilmfestival.org'),
(498, 'http://www.riverfilmfestival.org/', 'programmazione@riverfilmfestival.org'),
(499, 'http://www.riverfilmfestival.org/', 'technical@riverfilmfestival.org'),
(500, 'http://www.riverfilmfestival.org/', 'press@riverfilmfestival.org'),
(501, 'http://www.euganeabonsai.org', 'info@euganeabonsai.org'),
(502, 'http://www.ynsula.it/', 'info@ynsula.it'),
(503, 'http://www.fantaghiro.org', 'info@fantaghiro.org'),
(504, 'http://www.ferraramusica.it/', 'biglietteria@ferraramusica.it'),
(505, 'http://www.ferraramusica.it/', 'ufficiostampa@ferraramusica.it'),
(506, 'http://www.rm.camcom.it', 'webmaster@assetcamera.it'),
(507, 'http://www.rm.camcom.it', 'segreterie.commissioni@rm.camcom.it'),
(508, 'http://www.rm.camcom.it', 'sportellocredito@assetcamera.it'),
(509, 'http://www.rm.camcom.it', 'artigianato@rm.camcom.it'),
(510, 'http://www.rm.camcom.it', 'ambiente@rm.camcom.it'),
(511, 'http://www.rm.camcom.it', 'info@fgas.it'),
(512, 'http://www.rm.camcom.it', 'assistenza@fgas.it'),
(513, 'http://www.rm.camcom.it', 'denuncerea@rm.camcom.it'),
(514, 'http://www.rm.camcom.it', 'abilitazioni@rm.camcom.it'),
(515, 'http://www.rm.camcom.it', 'lcm.amministrazione@rm.camcom.it'),
(516, 'http://www.rm.camcom.it', 'info@assetcamera.it'),
(517, 'http://www.rm.camcom.it', 'posta@romamercati.com'),
(518, 'http://www.rm.camcom.it', 'promoroma@promoroma.com'),
(519, 'http://www.rm.camcom.it', 'vidimazionelibri@rm.camcom.it'),
(520, 'http://www.rm.camcom.it', 'marchibrevetti@rm.legalmail.camcom.it'),
(521, 'http://www.rm.camcom.it', 'firmadigitale@rm.camcom.it'),
(522, 'http://www.rm.camcom.it', 'sportelloentipubblici@rm.legalmail.camcom.it'),
(523, 'http://www.rm.camcom.it', 'roma@infocamere.it'),
(524, 'http://www.rm.camcom.it', 'cciaaroma@rm.legalmail.camcom.it'),
(525, 'http://www.rosminipadova.it/', 'info@rosminipadova.it'),
(526, 'http://www.rossoprofili.it/', 'info@viaventisettembre.it'),
(527, 'http://www.sanvincenzoitalia.it/', 'nazionale@sanvincenzoitalia.it'),
(528, 'http://www.sanvincenzoitalia.it/', 'info@sanvincenzoitalia.it'),
(529, 'http://www.enars.it/', 'info@enars.it'),
(530, 'http://www.enars.it/', 'segreteria@enars.it'),
(531, 'http://www.enars.it/', 'progettobea@enars.it'),
(532, 'http://www.enars.it/', 'isabella@enars.it'),
(533, 'http://www.comune.segrate.mi.it', 'segrate@postemailcertificata.it'),
(534, 'http://www.comune.segrate.mi.it', 'urp@comune.segrate.mi.it'),
(535, 'http://www.comune.russi.ra.it', 'pg.comune.russi.ra.it@legalmail.it'),
(536, 'http://www.comune.russi.ra.it', 'urp@comune.russi.ra.it'),
(537, 'http://www.comune.rimini.it', 'protocollo.generale@pec.comune.rimini.itÂ'),
(538, 'http://www.comune.rimini.it', 'protocollo.generale@pec.comune.rimini.it'),
(539, 'http://www.cometaasmme.org', 'info@cometaasmme.org'),
(540, 'http://www.cometaasmme.org', 'segreteria@cometaasmme.org'),
(541, 'http://www.comune.modena.it', 'piazzagrande@comune.modena.it'),
(542, 'http://www.comune.modena.it', 'comune.modena@cert.comune.modena.it'),
(543, 'http://www.comune.modena.it', 'retecivica@comune.modena.it'),
(544, 'http://www.libertaegiustizia.it', 'info@libertaegiustizia.it'),
(545, 'http://www.libertaegiustizia.it', 'stampa@libertaegiustizia.it');

-- --------------------------------------------------------

--
-- Struttura della tabella `elenco_numeri`
--

CREATE TABLE IF NOT EXISTS `elenco_numeri` (
  `codice_numero` int(11) NOT NULL AUTO_INCREMENT,
  `sito` varchar(100) NOT NULL,
  `numero` varchar(20) NOT NULL,
  PRIMARY KEY (`codice_numero`),
  KEY `sito` (`sito`)
) ENGINE=InnoDB  DEFAULT CHARSET=latin1 AUTO_INCREMENT=569 ;

--
-- Dump dei dati per la tabella `elenco_numeri`
--

INSERT INTO `elenco_numeri` (`codice_numero`, `sito`, `numero`) VALUES
(1, 'http://ciboenonsolo.it/', '393 1442130'),
(2, 'http://ciboenonsolo.it/', '340 5731992'),
(3, 'http://www.art-musica.it', '345-0472569'),
(4, 'http://www.art-musica.it', '05430821008'),
(5, 'http://www.artcityemiliaromagna.com', '02052390347'),
(6, 'http://www.lafattoriaincitta.org/', '3470174342'),
(7, 'http://www.lafattoriaincitta.org/', '049 605855'),
(8, 'http://www.lafattoriaincitta.org/', '049 611273'),
(9, 'http://comunicazioneinform.it', '339.357.8989'),
(10, 'http://www.artmusicevent.eu/', '049.2022338'),
(11, 'http://cultura.regione.emilia-romagna.it', '800.625.903'),
(12, 'http://www.provincia.pd.it', '049.820.1111'),
(13, 'http://www.provincia.pd.it', '049.820.1235'),
(14, 'http://www.provincia.pd.it', '800800820'),
(15, 'http://www.ascomini1885.org/', '049 632287'),
(16, 'http://www.ascomini1885.org/', '339 6217355'),
(17, 'http://www.lamusicainterna.it', '051 266959'),
(18, 'http://www.provincia.ra.it', '0544 258001'),
(19, 'http://www.provincia.ra.it', '0544 258111'),
(20, 'http://www.provincia.ra.it', '0544 258070'),
(21, 'http://www.asdliberaespressione.it/', '	3287697071'),
(22, 'http://www.corosantospirito.it/', '340 9732184'),
(23, 'http://www.lapiazzaelira.it', '0445 575688'),
(24, 'http://www.laprimaweb.it', '01717320442'),
(25, 'http://emilia-romagna.1254.it', '0536 889798'),
(26, 'http://emilia-romagna.1254.it', '0523 788734'),
(27, 'http://emilia-romagna.1254.it', '0544 270379'),
(28, 'http://emilia-romagna.1254.it', '0532 977284'),
(29, 'http://emilia-romagna.1254.it', '0543 767436'),
(30, 'http://emilia-romagna.1254.it', '0532 761206'),
(31, 'http://emilia-romagna.1254.it', '0521 966072'),
(32, 'http://emilia-romagna.1254.it', '0532 248460'),
(33, 'http://www.provincia.re.it', '0522.444111'),
(34, 'http://www.provincia.re.it', '0522.444108'),
(35, 'http://www.asemitalia.org', '049 8977886'),
(36, 'http://www.asemitalia.org', '049 8978398'),
(37, 'http://www.asemitalia.org', '345 1273860'),
(38, 'http://www.asemitalia.org', '348 7975481'),
(39, 'http://www.asemitalia.org', '340 1464143'),
(40, 'http://www.asemitalia.org', '328 7233884'),
(41, 'http://www.lasferadanza.it/', '340.8418144'),
(42, 'http://www.lasferadanza.it/', '049.8360638'),
(43, 'http://www.lasferadanza.it/', '04086550284'),
(44, 'http://www.psicologisenzafrontiere.org', '049 663794'),
(45, 'http://www.latenda.org', '049 8075906'),
(46, 'http://www.cospe.org', '0039 055 4735'),
(47, 'http://www.cospe.org', '0039 055 4728'),
(48, 'http://www.cospe.org', '0039 051 5466'),
(49, 'http://www.cospe.org', '0039 051 5471'),
(50, 'http://www.cospe.org', '0039 010 2465'),
(51, 'http://www.cospe.org', '055 473556'),
(52, 'http://www.cospe.org', '055 472806'),
(53, 'http://www.asergraf-grafologia.it/', '0495957207'),
(54, 'http://www.asergraf-grafologia.it/', '3394194297'),
(55, 'http://www.ass-columna.org/', '0039-049-7191'),
(56, 'http://www.ass-columna.org/', '04199990286'),
(57, 'http://www.cralulss16.it/', '	049-8211996'),
(58, 'http://www.cralulss16.it/', '049.8216556'),
(59, 'http://www.assartepadova.it', '389 8949505'),
(60, 'http://www.assartepadova.it', '340 3230490'),
(61, 'http://www.legaconsumatoriveneto.it', '08071030152'),
(62, 'http://www.lescuoledirecitazione.it', '333.6638186'),
(63, 'http://www.lescuoledirecitazione.it', '3476219167'),
(64, 'http://www.lescuoledirecitazione.it', '3333546421'),
(65, 'http://www.lescuoledirecitazione.it', '3475750384'),
(66, 'http://www.rcv.veneto.it/', '049 8974558'),
(67, 'http://www.rcv.veneto.it/', '0498974558'),
(68, 'http://www.cripadova.it/', '049.8077640'),
(69, 'http://www.cripadova.it/', '049.775910'),
(70, 'http://www.lettere.unipd.it/cmp', '049 8274622'),
(71, 'http://www.lettere.unipd.it/cmp', '049 8274690'),
(72, 'http://www.regazzo.org/', '3492724946'),
(73, 'http://www.regazzo.org/', '049624702'),
(74, 'http://formazionecontinua.jimdo.com/', '377 1781460'),
(75, 'http://formazionecontinua.jimdo.com/', '377 1781460'),
(76, 'http://formazionecontinua.jimdo.com/', '049 8758490'),
(77, 'http://formazionecontinua.jimdo.com/', '049 8758490'),
(78, 'http://www.regione.emilia-romagna.it', '800-407407'),
(79, 'http://www.csibologna.it/', '	051 405318'),
(80, 'http://www.regione.emilia-romagna.it', '051-5275360'),
(81, 'http://www.assinsieme.com', '049631123'),
(82, 'http://www.csibologna.it/', '	051 406578'),
(83, 'http://www.regione.emilia-romagna.it', '800.625.903'),
(84, 'http://www.assmusicainsieme.it', '0121.902734'),
(85, 'http://www.assmusicainsieme.it', '0121.396699'),
(86, 'http://www.cuamm.org/', '049 8751279'),
(87, 'http://www.cuamm.org/', '049 8754738'),
(88, 'http://www.assoarka.it', '347.2103368'),
(89, 'http://www.assoarka.it', '049.889.5702'),
(90, 'http://ibc.regione.emilia-romagna.it', '051 232 599'),
(91, 'http://ibc.regione.emilia-romagna.it', '800.625.903'),
(92, 'http://www.cuipd.blogspot.com/', '339 2083761'),
(93, 'http://marche.1254.it', '0733 203974'),
(94, 'http://marche.1254.it', '0733 281154'),
(95, 'http://marche.1254.it', '071 7574246'),
(96, 'http://marche.1254.it', '0734 877113'),
(97, 'http://marche.1254.it', '0722 362271'),
(98, 'http://marche.1254.it', '0733 492012'),
(99, 'http://marche.1254.it', '071 6610089'),
(100, 'http://marche.1254.it', '0736 257249'),
(101, 'http://www.associazione-melody.com', '0968 725696'),
(102, 'http://www.cvpuntamarina.com/', '	0544 437153'),
(103, 'http://www.associazione-tangram.it/', '049 8762022'),
(104, 'http://www.daccapo.org', '049.682071'),
(105, 'http://www.daccapo.org', '049.7964874'),
(106, 'http://www.associazionearcobaleno.it', '049-610360'),
(107, 'http://micha-scacchipadova.blogspot.it/', '347-4966743'),
(108, 'http://www.associazionecuki.it/', '3384325167'),
(109, 'http://www.danza.it', '01258340056'),
(110, 'http://www.associazionehelyos.it', '345.7956054'),
(111, 'http://www.associazionehelyos.it', '04009110281'),
(112, 'http://padova.cngei.org/', '3406776796'),
(113, 'http://www.associazionemimosa.org', '\n335 1346373'),
(114, 'http://rivista.ibc.regione.emilia-romagna.it', '051 232 599'),
(115, 'http://rivista.ibc.regione.emilia-romagna.it', '800.625.903'),
(116, 'http://scuola.regione.emilia-romagna.it', '800.625.903'),
(117, 'http://www.associazionemusicalelucchese.it', '0583 469960'),
(118, 'http://www.danzaurbana.it', '051 6440879'),
(119, 'http://www.danzaurbana.it', '051 3370264'),
(120, 'http://sociale.regione.emilia-romagna.it', '800.625.903'),
(121, 'http://www.dedicatonlus.info', '049 714723'),
(122, 'http://www.dedicatonlus.info', '049 525095'),
(123, 'http://www.associazionepulcino.it', '02700810282'),
(124, 'http://www.associazionewelcome.it/', '366 4120263'),
(125, 'http://www.assonanza.it', '347-9001198'),
(126, 'http://www.deleofundonlus.org/', '049 8766309'),
(127, 'http://www.deleofundonlus.org/', '800 168 678'),
(128, 'http://www.assp-padova.it/', '049 663964'),
(129, 'http://www.assp-padova.it/', '03766920288'),
(130, 'http://www.diarchitettura.org/', '04532080282'),
(131, 'http://www.atateatropadova.it', '3337680147'),
(132, 'http://valentinapenellonlus.org/', '349 7181382'),
(133, 'http://valentinapenellonlus.org/', '329.8082052'),
(134, 'http://www.ater.emr.it', '059 340221'),
(135, 'http://www.ater.emr.it', '059 342802'),
(136, 'http://www.divefun.it/', '333.6215482'),
(137, 'http://www.divefun.it/', ' 338.2789561'),
(138, 'http://www.divefun.it/', '1782.204577'),
(139, 'http://www.aasu.biz/', '03819230289'),
(140, 'http://www.aasu.biz/', '347 9767263'),
(141, 'http://www.aasu.biz/', '049 756976'),
(142, 'http://www.aasu.biz/', '03819230289'),
(143, 'http://www.aasu.biz/', '347 9767263'),
(144, 'http://www.aasu.biz/', '049 756976'),
(145, 'http://www.avisprovincialepadova.it', '049.7800858'),
(146, 'http://www.avisprovincialepadova.it', '0497800858'),
(147, 'http://www.avisprovincialepadova.it', '049 7800858'),
(148, 'http://www.avisprovincialepadova.it', '049 775418'),
(149, 'http://www.abcsolutions.it', '03951140270'),
(150, 'http://www.abracalam.org', '3480372214'),
(151, 'http://www.abracalam.org', '0498805533'),
(152, 'http://www.accademiadaponte.it', '0438 1620016'),
(153, 'http://www.accademiadaponte.it', '0438 1620028'),
(154, 'http://www.accademiadaponte.it', '04620330268'),
(155, 'http://www.accademiadaponte.it', '0890462190'),
(156, 'http://www.accademiateatraleveneta.com', '041 2411974'),
(157, 'http://www.durgananda.it/', '049.684187'),
(158, 'http://www.durgananda.it/', '335.6090947'),
(159, 'http://www.durgananda.it/', '049.8591490'),
(160, 'http://www.adalabo.blogspot.com', '04334150283'),
(161, 'http://www.adalabo.blogspot.com', '049-9925282'),
(162, 'http://www.adalabo.blogspot.com', '049-8710647'),
(163, 'http://www.azzurro.it/', '0255027200'),
(164, 'http://www.azzurro.it/', '011.4831104'),
(165, 'http://www.azzurro.it/', '011.4367980'),
(166, 'http://www.azzurro.it/', '0422.545404'),
(167, 'http://www.azzurro.it/', '0422.545413'),
(168, 'http://www.azzurro.it/', '055.5387420'),
(169, 'http://www.azzurro.it/', '055.5387421'),
(170, 'http://www.azzurro.it/', '081.0140648'),
(171, 'http://www.azzurro.it/', '081.0153610'),
(172, 'http://www.azzurro.it/', '091.7659600'),
(173, 'http://www.azzurro.it/', '091.7659601'),
(174, 'http://www.adnkronos.com', '01145141006'),
(175, 'http://www.adnkronos.com', '02981990589'),
(176, 'http://www.bresciaonline.it', '030 3740228'),
(177, 'http://www.bresciaonline.it', '02333210983'),
(178, 'http://www.scienzaegoverno.org/', '01541860282'),
(179, 'http://www.scienzaegoverno.org/', '049-8806109'),
(180, 'http://www.bronsequerte.it', '049.616.983'),
(181, 'http://www.bronsequerte.it', '348 2424749'),
(182, 'http://www.bronsequerte.it', '347 2231851'),
(183, 'http://www.musica90.net', '011 5229828'),
(184, 'http://www.cadelfa.it', '02092050281'),
(185, 'http://www.scoutneruda.it', '049-751267'),
(186, 'http://www.scoutneruda.it', '338-9841363'),
(187, 'http://www.scuoladimusicoterapia.it', '049774588'),
(188, 'http://www.scuoladimusicoterapia.it', '3286949219'),
(189, 'http://www.gecaonlus.org', '049.8020719'),
(190, 'http://www.gecaonlus.org', '049 2133895'),
(191, 'http://www.gecaonlus.org', '3356141526'),
(192, 'http://www.scuolafamiglia.org', '049 851585'),
(193, 'http://www.generazionisolidali.org/', '049 9875262'),
(194, 'http://www.generazionisolidali.org/', '339 8943201'),
(195, 'http://www.generazionisolidali.org/', '339 8943202'),
(196, 'http://www.generazionisolidali.org/', '049 8591389'),
(197, 'http://www.genitorialita.it', '049 2023788'),
(198, 'http://www.scuolamusicale.com', '345.3507999'),
(199, 'http://www.agendaonline.it', '08251911666'),
(200, 'http://www.agendaonline.it', '02443940644'),
(201, 'http://www.musicaperta.it', '349 4395298'),
(202, 'http://www.sdmteam.it/', '049 823 5932'),
(203, 'http://www.sdmteam.it/', '049 872 2703'),
(204, 'http://www.giorgioperlasca.it', '328 1483639'),
(205, 'http://www.giorgioperlasca.it', '03316030232'),
(206, 'http://www.nairionlus.org/', '3286656314'),
(207, 'http://www.nairionlus.org/', '3470930245'),
(208, 'http://www.ahppadova.it', '335 6315207'),
(209, 'http://www.ahppadova.it', '03310640283'),
(210, 'http://www.nidoilgirotondo.com/', '049 8802117'),
(211, 'http://www.nidoilgirotondo.com/', '346 1462544'),
(212, 'http://www.seratiamo.it', '02304280429'),
(213, 'http://www.aiabveneto.org', '02352390286'),
(214, 'http://www.noipadova.it', '049.8771750'),
(215, 'http://www.noipadova.it', '049.8771760'),
(216, 'http://www.nonprofit.viainternet.org', '03461800280'),
(217, 'http://www.aib.it', '01132481001'),
(218, 'http://www.aib.it', '02903570584'),
(219, 'http://www.aib.it', '064463532'),
(220, 'http://www.aib.it', '064441139'),
(221, 'http://www.gruppocinofiloilgelso.it', '3298044726'),
(222, 'http://www.gruppocinofiloilgelso.it', '3287290316'),
(223, 'http://www.gruppocinofiloilgelso.it', '3381298934'),
(224, 'http://www.sfe-pd.it/', '	3291745386'),
(225, 'http://www.cambiscena.it/', '349 0683830'),
(226, 'http://www.cambiscena.it/', '04387690284'),
(227, 'http://www.shiatsu.it/', '045 8010845'),
(228, 'http://www.shinynote.com', '03244200980'),
(229, 'http://www.cameraminorilepadova.it/', '049.8219004'),
(230, 'http://www.gsquickly.com', '3939130307'),
(231, 'http://www.gsquickly.com', '3495779814'),
(232, 'http://www.gsquickly.com', '0498860474'),
(233, 'http://www.gsquickly.com', '3403389329'),
(234, 'http://www.gsquickly.com', '3280318940'),
(235, 'http://www.aicaweb.it', '049 630786'),
(236, 'http://www.aicsveneto.it', '049 775502'),
(237, 'http://www.occhioallanotizia.it', '0721.861433'),
(238, 'http://www.occhioallanotizia.it', '0721.1760175'),
(239, 'http://www.occhioallanotizia.it', '338.4968250'),
(240, 'http://www.occhioallanotizia.it', '02222890416'),
(241, 'http://www.aikidopadova.com/', '347 7048166'),
(242, 'http://www.aikidopadova.com/', ' 328 7413841'),
(243, 'http://www.carichisospesi.com', '347 4214400'),
(244, 'http://www.carichisospesi.com', '349 1362495'),
(245, 'http://www.icaro-ldv.org', '05018121010'),
(246, 'http://www.oltrelosport-padova.it', '049 8076766'),
(247, 'http://www.sound-musiche.it', '055 8331000'),
(248, 'http://www.sound-musiche.it', '04542870482'),
(249, 'http://www.ifeditalia.org/', '049 619623'),
(250, 'http://www.ceavonlus.org/', '049776860'),
(251, 'http://www.ceavonlus.org/', '049 776860'),
(252, 'http://www.ilflaneur.com', '03329300135'),
(253, 'http://www.ilghirlandaio.com', '06020971005'),
(254, 'http://www.orchestragiovaniledelveneto.it', '049 630786'),
(255, 'http://www.ilsognodistefano.it', '049 9740380'),
(256, 'http://www.ilsognodistefano.it', '333 2494577'),
(257, 'http://www.ilsognodistefano.it', '333 3976871'),
(258, 'http://www.ilsognodistefano.it', '348 3852212'),
(259, 'http://www.ilsognodistefano.it', '335 7006060'),
(260, 'http://www.ilsognodistefano.it', '335 6294645'),
(261, 'http://www.overlord.it', '320.1121352'),
(262, 'http://www.overlord.it', '163 164 165'),
(263, 'http://www.overlord.it', '166 167 168'),
(264, 'http://www.aiutiamoliaviverepadovaest.org/', '333 4746558'),
(265, 'http://www.oxfamitalia.org/', '0575 182481'),
(266, 'http://www.oxfamitalia.org/', '0575 1824872'),
(267, 'http://www.oxfamitalia.org/', '05018028000'),
(268, 'http://www.padovadanza.it', '03628270286'),
(269, 'http://www.aliceperidca.it/', '	3478961115'),
(270, 'http://www.aliceperidca.it/', '049 8900306'),
(271, 'http://www.aliceperidca.it/', '3461565530'),
(272, 'http://www.indire.it', '055.2380301'),
(273, 'http://www.indire.it', '055.2380395'),
(274, 'http://www.alliancefr.pd.it/', '049 630309'),
(275, 'http://www.alliancefr.pd.it/', '335 6392146'),
(276, 'http://www.informagiovanni.it', '051 6228066'),
(277, 'http://www.inghetto.it', '3483544625'),
(278, 'http://www.inghetto.it', '3467111833'),
(279, 'http://www.inghetto.it', '3467759752'),
(280, 'http://www.inghetto.it', '049650788'),
(281, 'http://www.alvisecornaro.org/', '	049.660581'),
(282, 'http://www.padovajazz.com', '347 7580904'),
(283, 'http://www.amad.it', '	347-4674979'),
(284, 'http://www.padovaorni.it/', '347 8116847'),
(285, 'http://www.padovaorni.it/', '041.4174069'),
(286, 'http://www.padovaorni.it/', '02436150284'),
(287, 'http://www.iosonoli.com', '049 8718175'),
(288, 'http://www.iosonoli.com', '049 8735263'),
(289, 'http://www.iosonoli.com', '041 5201959'),
(290, 'http://www.iosonoli.com', '041 5201960'),
(291, 'http://www.iosonoli.com', '349.0081276'),
(292, 'http://www.iosonoli.com', '02772890246'),
(293, 'http://www.irfoss.it/', '049 8825158'),
(294, 'http://www.padovaricamalarte.it/', '338 2988236'),
(295, 'http://www.padovaricamalarte.it/', '3460221488'),
(296, 'http://www.padovarte.com/', '	340 1999785'),
(297, 'http://www.padovarte.com/', '	327 4774386'),
(298, 'http://www.padovarte.com/', '	3401999785'),
(299, 'http://www.padovarte.com/', '3274774386'),
(300, 'http://www.padovarte.com/', '	04562800286'),
(301, 'http://www.amiciitalia.org/veneto', '049 8216963'),
(302, 'http://www.palioarcella.it', '3384624145'),
(303, 'http://www.istitutobruni.com/liceo-scientifico-privato-padova-r-bruni/genitori/associazione-genitori', '049.8021788'),
(304, 'http://www.istitutobruni.com/liceo-scientifico-privato-padova-r-bruni/genitori/associazione-genitori', '049.8033850'),
(305, 'http://www.istitutobruni.com/liceo-scientifico-privato-padova-r-bruni/genitori/associazione-genitori', '049.8033852'),
(306, 'http://www.istitutobruni.com/liceo-scientifico-privato-padova-r-bruni/genitori/associazione-genitori', '049.8078815'),
(307, 'http://www.istitutobruni.com/liceo-scientifico-privato-padova-r-bruni/genitori/associazione-genitori', '049.7806299'),
(308, 'http://www.istitutobruni.com/liceo-scientifico-privato-padova-r-bruni/genitori/associazione-genitori', '049.8933677'),
(309, 'http://www.istitutobruni.com/liceo-scientifico-privato-padova-r-bruni/genitori/associazione-genitori', '049.8933766'),
(310, 'http://www.istitutobruni.com/liceo-scientifico-privato-padova-r-bruni/genitori/associazione-genitori', '049 8021788'),
(311, 'http://www.istitutobruni.com/liceo-scientifico-privato-padova-r-bruni/genitori/associazione-genitori', '049 8033850'),
(312, 'http://www.istitutobruni.com/liceo-scientifico-privato-padova-r-bruni/genitori/associazione-genitori', '02633020272'),
(313, 'http://www.istitutobruni.com/liceo-scientifico-privato-padova-r-bruni/genitori/associazione-genitori', '02637860285'),
(314, 'http://www.amicimusica.fi.it', '0550763333'),
(315, 'http://www.amicimusica.fi.it', '055210804'),
(316, 'http://www.amicimusicapadova.org', '049 8756763'),
(317, 'http://www.amicimusicapadova.org', '049 8070068'),
(318, 'http://www.amicimusicapadova.org', '01857150286'),
(319, 'http://www.amicimusicasacra.com', '0668805816'),
(320, 'http://www.jardin.it/', '049 8935460'),
(321, 'http://www.jardin.it/', '0498935460'),
(322, 'http://www.jardin.it/', '06225627950'),
(323, 'http://www.studyoyoga.it', '049.8765349'),
(324, 'http://www.ceciliaperlaricerca.it', '049-8808801'),
(325, 'http://www.taichi-wudang.com/', '338 9820768'),
(326, 'http://www.tamteatromusica.it/', '049 654669'),
(327, 'http://www.centrodanzapadova.it/', '333.7330490'),
(328, 'http://www.tappetovolantepadova.com', '340-9013138'),
(329, 'http://www.tappetovolantepadova.com', '03936770282'),
(330, 'http://www.centrodarte.it', '049 8071370'),
(331, 'http://www.centrodarte.it', '049 8070068'),
(332, 'http://www.centrodarte.it', '01857140287'),
(333, 'http://www.andreanao.it/', '347.0793069'),
(334, 'http://www.andreanao.it/', '3470793069'),
(335, 'http://www.karibuafrika.it', '04177550284'),
(336, 'http://www.taracittamani.it', '049 870 5657'),
(337, 'http://www.taracittamani.it', ' 320 216 6662'),
(338, 'http://www.centroserenamente.com/', '049.8751620'),
(339, 'http://www.centrottava.it', '07173731006'),
(340, 'http://www.centrouniversitariopd.it', '049 8764688'),
(341, 'http://www.centrouniversitariopd.it', '049 651937'),
(342, 'http://www.kitoonlus.org/', '049 8757382'),
(343, 'http://www.teamforchildren.it', '3460027482'),
(344, 'http://www.charaperladanza.it', '049.656781'),
(345, 'http://www.charaperladanza.it', '3356307675'),
(346, 'http://www.charaperladanza.it', '3884791201'),
(347, 'http://www.ciai.it', '	800.944.646'),
(348, 'http://www.ciai.it', '080 743996'),
(349, 'http://www.ciai.it', ' 080 5940035'),
(350, 'http://www.ciai.it', '070 0992930'),
(351, 'http://www.ciai.it', '070 0992941'),
(352, 'http://www.ciai.it', '800 944 646'),
(353, 'http://www.ciai.it', '0498077210'),
(354, 'http://www.ciai.it', '0497160054'),
(355, 'http://www.ciai.it', '800.944.646'),
(356, 'http://www.anmb.net', '02093050363'),
(357, 'http://www.cilla.it/', '049 8033878'),
(358, 'http://www.cilla.it/', '049 8033876'),
(359, 'http://www.parrocchiabrusegana.it/', '049-620231'),
(360, 'http://www.cin-padova.it', '049 8827722'),
(361, 'http://www.cin-padova.it', '346 0221500'),
(362, 'http://www.anpha.it', '049 8719999'),
(363, 'http://www.pattinaggioaltichiero.com/', '049 8654962'),
(364, 'http://www.pattinaggioaltichiero.com/', '0415980286'),
(365, 'http://www.peldicarota.it/', '3496855584'),
(366, 'http://www.antichi-mestieri.it', '049.8062211'),
(367, 'http://www.antichi-mestieri.it', '049.8062200'),
(368, 'http://www.teatrocarcere-emiliaromagna.it', '051-0455830'),
(369, 'http://www.teatrocarcere-emiliaromagna.it', '3331739550'),
(370, 'http://www.teatrocontinuo.it/', '049.650294'),
(371, 'http://www.cinemazero.org', '0434.520 404'),
(372, 'http://www.cinemazero.org', '0434.520 527'),
(373, 'http://www.cinemazero.org', '0434 520404'),
(374, 'http://www.cinemazero.org', '0434 522603'),
(375, 'http://www.cini.it', '041 2710229'),
(376, 'http://www.cini.it', '041 5223563'),
(377, 'http://www.cini.it', '041 2710280'),
(378, 'http://www.cini.it', '041 5238540'),
(379, 'http://www.cini.it', '041 2710402'),
(380, 'http://www.cini.it', '041 2710202'),
(381, 'http://www.cini.it', '041.2710253'),
(382, 'http://www.cini.it', '041 2710219'),
(383, 'http://www.cini.it', '041 2710207'),
(384, 'http://www.cini.it', '041 2710284'),
(385, 'http://www.cini.it', '041 2710407'),
(386, 'http://www.cini.it', '041 2710230'),
(387, 'http://www.cini.it', '041 2710239'),
(388, 'http://www.cini.it', '041 5205842'),
(389, 'http://www.cini.it', '041 2710226'),
(390, 'http://www.cini.it', '041 2710227'),
(391, 'http://www.cini.it', '041 2710220'),
(392, 'http://www.cini.it', '041 2710259'),
(393, 'http://www.cini.it', '041 2710357'),
(394, 'http://www.cini.it', '041 041 2710'),
(395, 'http://www.cini.it', '041 2710236'),
(396, 'http://www.cini.it', '041 2710215'),
(397, 'http://www.cini.it', '3474214460'),
(398, 'http://www.cini.it', '3355893775'),
(399, 'http://www.piccolipunti.it/', '392.6890936'),
(400, 'http://www.piccolipunti.it/', '04065400287'),
(401, 'http://www.teatrofuorirotta.it/', '345 875 0799'),
(402, 'http://www.appaloosaitaly.com/', '340-3520346'),
(403, 'http://www.appaloosaitaly.com/', '045-6684028'),
(404, 'http://www.appaloosaitaly.com/', '0421-280252'),
(405, 'http://www.circolodellalirica.it', '335 6303408'),
(406, 'http://www.circolodellalirica.it', '349 8026146'),
(407, 'http://www.circolodellalirica.it', '3200578485'),
(408, 'http://www.applelettrosmog.it', '049 8750240'),
(409, 'http://www.piccolo-padova.it', '049.8827288'),
(410, 'http://www.piccolo-padova.it', '049.8827470'),
(411, 'http://www.piccolo-padova.it', '3357119281'),
(412, 'http://www.piccolo-padova.it', '049.8803700'),
(413, 'http://www.piccolo-padova.it', '049.715469'),
(414, 'http://www.piccolo-padova.it', '049.8364084'),
(415, 'http://www.teatroinvisibile.it', '329 5667182'),
(416, 'http://www.teatroinvisibile.it', '328 4185372'),
(417, 'http://www.planetariopadova.it/index.php', '049 773677'),
(418, 'http://www.planetariopadova.it/index.php', '04441230283'),
(419, 'http://www.pointticket.it', '800 913364'),
(420, 'http://www.pointticket.it', '04081630230'),
(421, 'http://www.teatrolaterale.it', '338 1633326'),
(422, 'http://www.teatronecessario.it/', '328.3926956'),
(423, 'http://www.archeovenetaonlus.it', '347-9179129'),
(424, 'http://www.teatronucleo.org', '0532 464091'),
(425, 'http://www.teatronucleo.org', '348 9655709'),
(426, 'http://www.archibiodesign.org', '049.8753913'),
(427, 'http://www.archibiodesign.org', '049.7398136'),
(428, 'http://www.cittadarte.emilia-romagna.it', '02052390347'),
(429, 'http://www.professionisti.it', '800 901 335'),
(430, 'http://www.professionisti.it', '800901335'),
(431, 'http://www.professionisti.it', '06533030968'),
(432, 'http://www.progettodogon.org/', '049 8723437'),
(433, 'http://www.arcipadova.org', '049-8830271'),
(434, 'http://www.arcipadova.org', '333-6723472'),
(435, 'http://www.ardasantacroce.it/', '049 8808398'),
(436, 'http://www.progettogulliver.org/', '049 8804117'),
(437, 'http://www.provincia.fi.it', '055.2760241'),
(439, 'http://www.uaar.it/padova', '331 1331109'),
(440, 'http://www.armoniedellasera.it', '392 4779651'),
(441, 'http://www.armoniedellasera.it', '0734 679682'),
(442, 'http://www.balletcenter.it', '049.654458'),
(443, 'http://www.balletcenter.it', '04028980284'),
(444, 'http://www.balletcenter.it', '340.2858389'),
(445, 'http://www.balletto.net', '04097780961'),
(446, 'http://www.cocolocopadova.it', '04551030283'),
(447, 'http://www.uildmpadova.it/', '049 624885'),
(448, 'http://www.uildmpadova.it/', '049 720220'),
(449, 'http://www.uildmpadova.it/', '01043550282'),
(450, 'http://www.unicaterra.it/', '05018121010'),
(451, 'http://www.bethaniahospitalservicesasmt.org', '05018121010'),
(452, 'http://www.usarcella.com/', '049.8642259'),
(453, 'http://www.usarcella.com/', '049.605517'),
(454, 'http://www.usarcella.com/', '049.605915'),
(455, 'http://www.ustorre.org/', '049-8936629'),
(456, 'http://www.ustorre.org/', '335-269972'),
(457, 'http://www.ustorre.org/', '335-7687734'),
(458, 'http://www.ustorre.org/', '335-7486116'),
(459, 'http://www.validealternative.com/', '3733443526'),
(460, 'http://www.veciapadova.org/', '0498724017'),
(461, 'http://www.veciapadova.org/', '049638006'),
(462, 'http://www.veciapadova.org/', '3482252314'),
(463, 'http://www.veciapadova.org/', '3484975850'),
(464, 'http://www.veciapadova.org/', '3477128587'),
(465, 'http://www.momentosdealegria.org/', '315 3120434'),
(466, 'http://www.mondoimmigrati.com/', '	800 926 227'),
(467, 'http://www.sanmarcocalcio.com/', '0498930921'),
(468, 'http://www.mopl.it', '3290508028'),
(469, 'http://www.motusmundi.it/', '340 4859093'),
(470, 'http://www.motusmundi.it/', '049 8705657'),
(471, 'http://www.motusmundi.it/', '347 9379695'),
(472, 'http://www.santegidio.org/', '068992234'),
(473, 'http://www.santegidio.org/', '0815801905'),
(474, 'http://www.santegidio.org/', '0815511177'),
(475, 'http://www.santegidio.org/', '0552342712'),
(476, 'http://www.santegidio.org/', '0102468712'),
(477, 'http://www.santegidio.org/', '0586211893'),
(478, 'http://www.santegidio.org/', '0586069959'),
(479, 'http://www.felixefido.it', '3346117620'),
(480, 'http://www.felixefido.it', '3384826400'),
(481, 'http://www.mancikalalu.org', '349.1305356'),
(482, 'http://www.mappaluna.it', '049617039'),
(483, 'http://www.marcellinovais.it', '055 970 286'),
(484, 'http://www.marcellinovais.it', '347 8243629'),
(485, 'http://www.marcheinfesta.it', '01519470429'),
(486, 'http://www.marcheteatro.it', '071 207841'),
(487, 'http://www.marcheteatro.it', '071 2078420'),
(488, 'http://www.metaarte.it', '320 4930259'),
(489, 'http://www.mfe.it', '0382 530045'),
(490, 'http://www.mfe.it', '0382 578875'),
(491, 'http://www.mideando.it', '338 8227001'),
(492, 'http://www.minicizotti.it', '0498763838'),
(493, 'http://www.minicizotti.it', '0498780280'),
(494, 'http://www.minicizotti.it', '01449180288'),
(495, 'http://www.mirpadova.org', '3420769771'),
(496, 'http://www.museovenetogiocattolo.it/', '049-8281705'),
(497, 'http://www.museovenetogiocattolo.it/', '049-8281794'),
(498, 'http://www.ertgiovani.com', '059 2136011'),
(499, 'http://www.ertgiovani.com', '059 245332'),
(500, 'http://www.ertgiovani.com', '01989060361'),
(501, 'http://www.vivi-amovillabreda.blogspot.it/', '3381446946'),
(502, 'http://www.estatemusicalefrentana.it', '0872.709762'),
(503, 'http://www.estatemusicalefrentana.it', '0872.710241'),
(504, 'http://www.riminibeach.it', '0549.941416'),
(505, 'http://www.riminibeach.it', '392.4448574'),
(506, 'http://www.film.it', '06979891006'),
(507, 'http://www.flautomagico.it', '328 2751113'),
(508, 'http://www.flautomagico.it', '338 2104518'),
(509, 'http://www.flautomagico.it', '338 3383025'),
(510, 'http://www.flautomagico.it', '333 3459471'),
(511, 'http://www.fondazionebaccichetti.it', '049 8703938'),
(512, 'http://www.fondazionecomunica.org/', '049 774 724'),
(513, 'http://www.energym-club.it/', '049.8762439'),
(514, 'http://www.festadeipopoli.it', '0498931533'),
(515, 'http://www.viviautismo.org/', '049 8900698'),
(516, 'http://www.riverfilmfestival.org/', '049 651333'),
(517, 'http://www.riverfilmfestival.org/', '049 8601426'),
(518, 'http://www.entes.it', '0941.902026'),
(519, 'http://www.entes.it', '0941.913180'),
(520, 'http://www.voltabarozzo.it/', '049.750148'),
(521, 'http://www.ynsula.it/', '049 831005'),
(522, 'http://www.ynsula.it/', '338 2169309'),
(523, 'http://www.ynsula.it/', '049 8303418'),
(524, 'http://www.fantaghiro.org', '3409124824'),
(525, 'http://www.fantaghiro.org', '01072080284'),
(526, 'http://www.ferraraitalia.it', '01924560384'),
(527, 'http://www.zenskypadovafemminile.it', '331.6100803'),
(528, 'http://www.zoo-arcipd.it/', '049 656781'),
(529, 'http://www.zoo-arcipd.it/', '346.9600168'),
(530, 'http://www.zoo-arcipd.it/', '049.2134756'),
(531, 'http://www.ferraramusica.it/', '0532 202675'),
(532, 'http://www.ferraramusica.it/', '0532 206007'),
(533, 'http://www.ferraramusica.it/', '0532 202400'),
(534, 'http://www.ferraramusica.it/', '0532 241097'),
(535, 'http://www.ferraramusica.it/', '01109860385'),
(536, 'http://www.rm.camcom.it', '199130606'),
(537, 'http://www.rm.camcom.it', '0652082462'),
(538, 'http://www.rm.camcom.it', '0652082801'),
(539, 'http://www.rm.camcom.it', '0652082699'),
(540, 'http://www.rm.camcom.it', '0652082960'),
(541, 'http://www.rm.camcom.it', '0652082961'),
(542, 'http://www.rm.camcom.it', '0652082664'),
(543, 'http://www.rm.camcom.it', '0652082494'),
(544, 'http://www.rm.camcom.it', '066976901'),
(545, 'http://www.rm.camcom.it', '0652082837'),
(546, 'http://www.rm.camcom.it', '0688817336'),
(547, 'http://www.rm.camcom.it', '066794845'),
(548, 'http://www.rm.camcom.it', '066795937'),
(549, 'http://www.rm.camcom.it', '0652082559'),
(550, 'http://www.rm.camcom.it', '066787758'),
(551, 'http://www.rm.camcom.it', '0652082628'),
(552, 'http://www.rm.camcom.it', '0669922473'),
(553, 'http://www.rosminipadova.it/', '049.8033672'),
(554, 'http://www.rosminipadova.it/', '049.8033852'),
(555, 'http://www.rosminipadova.it/', '01879010286'),
(556, 'http://www.rossoprofili.it/', '0499817473'),
(557, 'http://www.enars.it/', '342 5681819'),
(558, 'http://www.emiliaromagnateatro.com/', '059 2136011'),
(559, 'http://www.emiliaromagnateatro.com/', '059 2138252'),
(560, 'http://www.emiliaromagnateatro.com/', '01989060361'),
(561, 'http://www.lifelineitalia.org', '348 0941384'),
(562, 'http://www.emiliaromagnateatro.com', '059 2136011'),
(563, 'http://www.emiliaromagnateatro.com', '059 2138252'),
(564, 'http://www.emiliaromagnateatro.com', '01989060361'),
(565, 'http://www.comune.rimini.it', '0541 704000'),
(566, 'http://www.comune.rimini.it', '0541 704111'),
(567, 'http://www.cometaasmme.org', '049.896.2825'),
(568, 'http://www.emergencypadova.altervista.org/', '3474657078');

-- --------------------------------------------------------

--
-- Struttura della tabella `elenco_siti`
--

CREATE TABLE IF NOT EXISTS `elenco_siti` (
  `Sito` varchar(100) NOT NULL,
  `Timestamp` timestamp NULL DEFAULT NULL,
  PRIMARY KEY (`Sito`)
) ENGINE=InnoDB DEFAULT CHARSET=latin1;

--
-- Dump dei dati per la tabella `elenco_siti`
--

INSERT INTO `elenco_siti` (`Sito`, `Timestamp`) VALUES
('http://aimbitalia.it', '2015-01-18 19:13:02'),
('http://albertinomussato.org/', '2015-01-18 19:13:09'),
('http://associazionevox.com', '2015-01-18 19:13:25'),
('http://cevemb.billings.it/', '2015-01-18 19:13:26'),
('http://ciboenonsolo.it/', '2015-01-18 19:13:33'),
('http://cineforumantonianum.blogspot.it/', '2015-01-18 19:13:34'),
('http://circolo.sanbellinopd.org/', '2015-01-18 19:13:35'),
('http://comunicazioneinform.it', '2015-01-18 19:13:46'),
('http://cucinacongalileo.altervista.org', '2015-01-18 19:13:48'),
('http://cultura.regione.emilia-romagna.it', '2015-01-18 19:13:50'),
('http://digilander.libero.it/societasveneta/', '2015-01-18 19:13:50'),
('http://emilia-romagna.1254.it', '2015-01-18 19:14:03'),
('http://emiliaromagnaedintorni.it', '2015-01-18 19:14:04'),
('http://esedradonboscoskating.blogspot.com', '2015-01-18 19:14:09'),
('http://eventi.langhe.net', '2015-01-18 19:14:30'),
('http://fitel-pmt.it', '2015-01-18 19:14:35'),
('http://formazionecontinua.jimdo.com/', '2015-01-18 19:14:38'),
('http://freddeve.wix.com/remakecccp', '2015-01-18 19:14:44'),
('http://gambettola.1254.it', '2015-01-18 19:14:59'),
('http://ibc.regione.emilia-romagna.it', '2015-01-18 19:15:02'),
('http://imslp.org', '2015-01-18 19:15:06'),
('http://it.indeed.com', '2015-01-18 19:15:08'),
('http://maisondart01.blogspot.it/', '2015-01-18 19:15:13'),
('http://marche.1254.it', '2015-01-18 19:15:27'),
('http://marchesolidali.com', '2015-01-18 19:15:37'),
('http://micha-scacchipadova.blogspot.it/', '2015-01-18 19:15:40'),
('http://mirepiemonte.org', '2015-01-18 19:15:43'),
('http://padova.cngei.org/', '2015-01-18 19:16:11'),
('http://reggio-nell-emilia.virgilio.it', '2015-01-18 19:16:15'),
('http://rivista.ibc.regione.emilia-romagna.it', '2015-01-18 19:16:20'),
('http://scuola.regione.emilia-romagna.it', '2015-01-18 19:16:22'),
('http://sociale.regione.emilia-romagna.it', '2015-01-18 19:16:24'),
('http://suldivano.org/', '2015-01-18 19:16:37'),
('http://teniamoci.it/', '2015-01-18 19:16:38'),
('http://topfocusmusica.altervista.org/blog/', '2015-01-18 19:16:43'),
('http://valentinapenellonlus.org/', '2015-01-18 19:17:06'),
('http://www.360gradi.info', '2015-01-18 19:17:09'),
('http://www.aasu.biz/', '2015-01-18 19:17:13'),
('http://www.abcsolutions.it', '2015-01-18 19:17:21'),
('http://www.abracalam.org', '2015-01-18 19:17:26'),
('http://www.accademiadaponte.it', '2015-01-18 19:17:41'),
('http://www.accademiagalileiana.it/', '2015-01-18 19:17:45'),
('http://www.accademiaperduta.it', '2015-01-18 19:17:45'),
('http://www.accademiateatraleveneta.com', '2015-01-18 19:18:04'),
('http://www.acs-italia.it/', '2015-01-18 19:18:07'),
('http://www.acsipadova.it/', '2015-01-18 19:18:09'),
('http://www.activitaonlus.it', '2015-01-18 19:18:14'),
('http://www.adalabo.blogspot.com', '2015-01-18 19:18:18'),
('http://www.adnkronos.com', '2015-01-18 19:18:37'),
('http://www.adozione-a-distanza.info', '2015-01-18 19:18:49'),
('http://www.aeapd.it/', '2015-01-18 19:18:49'),
('http://www.aegeepadova.org', '2015-01-18 19:18:54'),
('http://www.aerco.it/', '2015-01-18 19:18:57'),
('http://www.afasiavolontarivenetiaita.it/', '2015-01-18 19:19:00'),
('http://www.aficfestival.it', '2015-01-18 19:19:03'),
('http://www.agdpadova.it/', '2015-01-18 19:19:06'),
('http://www.agendaonline.it', '2015-01-18 19:19:26'),
('http://www.agenziaentrate.gov.it', '2015-01-18 19:19:27'),
('http://www.agimuspadova.com/', '2015-01-18 19:19:31'),
('http://www.agriturist-er.it', '2015-01-18 19:19:35'),
('http://www.agronomisenzafrontiere.it/', '2015-01-18 19:19:40'),
('http://www.ahppadova.it', '2015-01-18 19:19:46'),
('http://www.aiabveneto.org', '2015-01-18 19:19:56'),
('http://www.aib.it', '2015-01-18 19:19:59'),
('http://www.aibi.it/ita/', '2015-01-18 19:20:10'),
('http://www.aicaweb.it', '2015-01-18 19:20:13'),
('http://www.aicsveneto.it', '2015-01-18 19:20:20'),
('http://www.AIDAP.ORG/', '2015-01-18 19:20:21'),
('http://www.aikidopadova.com/', '2015-01-18 19:20:25'),
('http://www.aimi-musica.org', '2015-01-18 19:20:30'),
('http://www.aipp.eu/home', '2015-01-18 19:21:09'),
('http://www.aitsam.it', '2015-01-18 19:21:18'),
('http://www.aiutiamoliaviverepadovaest.org/', '2015-01-18 19:21:25'),
('http://www.al-anon.it', '2015-01-18 19:21:27'),
('http://www.aliceperidca.it/', '2015-01-18 19:21:34'),
('http://www.alliancefr.pd.it/', '2015-01-18 19:21:37'),
('http://www.almc.it', '2015-01-18 19:21:43'),
('http://www.altragricolturanordest.it/', '2015-01-18 19:21:50'),
('http://www.altrimentimusicali.org/', '2015-01-18 19:21:51'),
('http://www.alvisecornaro.org/', '2015-01-18 19:21:59'),
('http://www.amad.it', '2015-01-18 19:22:01'),
('http://www.ambpadova.it/', '2015-01-18 19:22:02'),
('http://www.amicideipopolipadova.it/', '2015-01-18 19:22:18'),
('http://www.amicidellamusicamilano.it', '2015-01-18 19:22:20'),
('http://www.amicidellamusicapalermo.it', '2015-01-18 19:22:21'),
('http://www.amiciitalia.org/veneto', '2015-01-18 19:22:32'),
('http://www.amicimusica.fi.it', '2015-01-18 19:22:40'),
('http://www.amicimusica.ud.it', '2015-01-18 19:22:42'),
('http://www.amicimusicapadova.org', '2015-01-18 19:22:48'),
('http://www.amicimusicasacra.com', '2015-01-18 19:22:51'),
('http://www.ammi-italia.com', '2015-01-18 19:22:53'),
('http://www.amnc.it', '2015-01-18 19:22:53'),
('http://www.amnesty.it', '2015-01-18 19:23:00'),
('http://www.anbimapiemonte.it', '2015-01-18 19:23:03'),
('http://www.andaweb.it', '2015-01-18 19:23:05'),
('http://www.andreanao.it/', '2015-01-18 19:23:09'),
('http://www.anffaspadova.it/', '2015-01-18 19:23:10'),
('http://www.angelomariani.org', '2015-01-18 19:23:13'),
('http://www.anica.it', '2015-01-18 19:23:43'),
('http://www.anmb.net', '2015-01-18 19:23:46'),
('http://www.anpha.it', '2015-01-18 19:23:55'),
('http://www.anpi-padova.it/', '2015-01-18 19:23:57'),
('http://www.anterospadova.it/', '2015-01-18 19:24:00'),
('http://www.antichi-mestieri.it', '2015-01-18 19:24:04'),
('http://www.anticorpi.org', '2015-01-18 19:24:16'),
('http://www.antonianum.info/', '2015-01-18 19:24:23'),
('http://www.apneablukad.it/', '2015-01-18 19:24:28'),
('http://www.appaloosaitaly.com/', '2015-01-18 19:24:34'),
('http://www.applelettrosmog.it', '2015-01-18 19:24:37'),
('http://www.apsprometeus.it/', '2015-01-18 19:24:40'),
('http://www.arcadinoi.org', '2015-01-18 19:24:41'),
('http://www.archeovenetaonlus.it', '2015-01-18 19:24:45'),
('http://www.archibiodesign.org', '2015-01-18 19:24:48'),
('http://www.arciconfraternitasantantonio.org', '2015-01-18 19:24:49'),
('http://www.arcieripadovani.com', '2015-01-18 19:24:51'),
('http://www.arcipadova.org', '2015-01-18 19:24:59'),
('http://www.ardasantacroce.it/', '2015-01-18 19:25:01'),
('http://www.aripadova.it/', '2015-01-18 19:25:04'),
('http://www.armoniedellasera.it', '2015-01-18 19:25:23'),
('http://www.art-musica.it', '2015-01-18 19:13:31'),
('http://www.artcityemiliaromagna.com', '2015-01-18 19:13:36'),
('http://www.artcontroluce.it', '2015-01-18 19:13:37'),
('http://www.artmusicevent.eu/', '2015-01-18 19:13:46'),
('http://www.ascolipicenofestival.com', '2015-01-18 19:13:46'),
('http://www.ascomini1885.org/', '2015-01-18 19:13:52'),
('http://www.asdliberaespressione.it/', '2015-01-18 19:13:57'),
('http://www.asemitalia.org', '2015-01-18 19:14:11'),
('http://www.asergraf-grafologia.it/', '2015-01-18 19:14:18'),
('http://www.ass-columna.org/', '2015-01-18 19:14:19'),
('http://www.assartepadova.it', '2015-01-18 19:14:24'),
('http://www.assbalbinodelnunzio.it/', '2015-01-18 19:14:30'),
('http://www.assinsieme.com', '2015-01-18 19:14:42'),
('http://www.assmiastenia.it', '2015-01-18 19:14:44'),
('http://www.assmusicainsieme.it', '2015-01-18 19:14:48'),
('http://www.assoarka.it', '2015-01-18 19:14:59'),
('http://www.assocavalleria.it', '2015-01-18 19:15:24'),
('http://www.associazione-melody.com', '2015-01-18 19:15:30'),
('http://www.associazione-tangram.it/', '2015-01-18 19:15:32'),
('http://www.associazioneandreapescia.org/', '2015-01-18 19:15:33'),
('http://www.associazioneantigone.it', '2015-01-18 19:15:33'),
('http://www.associazionearcobaleno.it', '2015-01-18 19:15:38'),
('http://www.associazionecuki.it/', '2015-01-18 19:15:46'),
('http://www.associazionedirittiumani.it/', '2015-01-18 19:15:48'),
('http://www.associazionedragodoro.it', '2015-01-18 19:15:48'),
('http://www.associazionehelyos.it', '2015-01-18 19:15:57'),
('http://www.associazioneinfinitamente.it/', '2015-01-18 19:16:01'),
('http://www.associazionejonathans.it', '2015-01-18 19:16:03'),
('http://www.associazionelagunari.it', '2015-01-18 19:16:06'),
('http://www.associazionelinfa.it', '2015-01-18 19:16:06'),
('http://www.associazionemimosa.org', '2015-01-18 19:16:18'),
('http://www.associazionemusicalelucchese.it', '2015-01-18 19:16:24'),
('http://www.associazionenemesi.it/', '2015-01-18 19:16:27'),
('http://www.associazionepulcino.it', '2015-01-18 19:16:32'),
('http://www.associazionewelcome.it/', '2015-01-18 19:16:35'),
('http://www.associazioni.milano.it', '2015-01-18 19:16:38'),
('http://www.associazionifvg.it', '2015-01-18 19:16:39'),
('http://www.assonanza.it', '2015-01-18 19:16:47'),
('http://www.assp-padova.it/', '2015-01-18 19:16:53'),
('http://www.atateatropadova.it', '2015-01-18 19:17:03'),
('http://www.ater.emr.it', '2015-01-18 19:17:07'),
('http://www.atnic.it/', '2015-01-18 19:17:08'),
('http://www.auser.it', '2015-01-18 19:17:09'),
('http://www.autieri.it/', '2015-01-18 19:17:13'),
('http://www.avamicizia.altervista.org', '2015-01-18 19:17:14'),
('http://www.avisprovincialepadova.it', '2015-01-18 19:17:18'),
('http://www.avopadova.org', '2015-01-18 19:17:29'),
('http://www.avsc.it', '2015-01-18 19:17:30'),
('http://www.azzurro.it/', '2015-01-18 19:18:37'),
('http://www.balletcenter.it', '2015-01-18 19:25:30'),
('http://www.balletto.net', '2015-01-18 19:25:37'),
('http://www.ballilatini.it', '2015-01-18 19:25:44'),
('http://www.basbleu.it/', '2015-01-18 19:25:46'),
('http://www.bashu.org', '2015-01-18 19:26:11'),
('http://www.beatavergine.org', '2015-01-18 19:26:16'),
('http://www.beati.org', '2015-01-18 19:26:17'),
('http://www.belteatro.it', '2015-01-18 19:26:18'),
('http://www.bethaniahospitalservicesasmt.org', '2015-01-18 19:26:19'),
('http://www.bibliotecadellosport.it', '2015-01-18 19:26:23'),
('http://www.biorekk.org', '2015-01-18 19:26:29'),
('http://www.bluecommunity.it', '2015-01-18 19:26:32'),
('http://www.borgoaltinate.it/', '2015-01-18 19:26:34'),
('http://www.bresciaonline.it', '2015-01-18 19:18:53'),
('http://www.bronsequerte.it', '2015-01-18 19:18:55'),
('http://www.buonacausa.org', '2015-01-18 19:19:02'),
('http://www.cadelfa.it', '2015-01-18 19:19:05'),
('http://www.calciovenetofd.it/', '2015-01-18 19:19:41'),
('http://www.cambioscena.com/', '2015-01-18 19:19:49'),
('http://www.cambiscena.it/', '2015-01-18 19:20:04'),
('http://www.cameraminorilepadova.it/', '2015-01-18 19:20:11'),
('http://www.cantieridottobre.com/', '2015-01-18 19:20:19'),
('http://www.capitpadova.it', '2015-01-18 19:20:33'),
('http://www.carichisospesi.com', '2015-01-18 19:20:34'),
('http://www.carlastella.it/', '2015-01-18 19:20:35'),
('http://www.casettamichelino.it/', '2015-01-18 19:20:39'),
('http://www.castingeprovini.com', '2015-01-18 19:20:41'),
('http://www.ceavonlus.org/', '2015-01-18 19:20:50'),
('http://www.ceciliaperlaricerca.it', '2015-01-18 19:22:58'),
('http://www.centrodanzapadova.it/', '2015-01-18 19:23:04'),
('http://www.centrodarte.it', '2015-01-18 19:23:05'),
('http://www.centrodelluomo.org', '2015-01-18 19:23:07'),
('http://www.centrodipsicomotricitarelazionale.it/', '2015-01-18 19:23:08'),
('http://www.centrolidiacrepet.it', '2015-01-18 19:23:10'),
('http://www.centroserenamente.com/', '2015-01-18 19:23:13'),
('http://www.centrostuditeatralititolivio.it', '2015-01-18 19:23:15'),
('http://www.centrottava.it', '2015-01-18 19:23:23'),
('http://www.centrouniversitariopd.it', '2015-01-18 19:23:28'),
('http://www.cesp-pd.it', '2015-01-18 19:23:28'),
('http://www.charaperladanza.it', '2015-01-18 19:23:34'),
('http://www.ciai.it', '2015-01-18 19:23:44'),
('http://www.cicap.org', '2015-01-18 19:23:45'),
('http://www.cilla.it/', '2015-01-18 19:23:47'),
('http://www.cin-padova.it', '2015-01-18 19:23:51'),
('http://www.cinemadamare.com', '2015-01-18 19:24:08'),
('http://www.cinemazero.org', '2015-01-18 19:24:16'),
('http://www.cineweb-er.com', '2015-01-18 19:24:20'),
('http://www.cini.it', '2015-01-18 19:24:24'),
('http://www.circolodellalirica.it', '2015-01-18 19:24:36'),
('http://www.circolofrescobaldi.it/', '2015-01-18 19:24:40'),
('http://www.circolosantaceciliapd.it', '2015-01-18 19:24:42'),
('http://www.cisiamoanchenoi-pd.org/', '2015-01-18 19:24:44'),
('http://www.cittadarte.emilia-romagna.it', '2015-01-18 19:24:49'),
('http://www.cittaepartecipazione.it', '2015-01-18 19:24:56'),
('http://www.clacpd.org', '2015-01-18 19:25:19'),
('http://www.clubignoranti.it', '2015-01-18 19:25:20'),
('http://www.cmarypoppins.com/', '2015-01-18 19:25:25'),
('http://www.cocolocopadova.it', '2015-01-18 19:25:39'),
('http://www.collegioingegneripadova.it', '2015-01-18 19:25:41'),
('http://www.cometaasmme.org', '2015-01-18 20:02:04'),
('http://www.comune.modena.it', '2015-01-18 20:02:07'),
('http://www.comune.rimini.it', '2015-01-18 19:33:51'),
('http://www.comune.russi.ra.it', '2015-01-18 19:33:36'),
('http://www.comune.segrate.mi.it', '2015-01-18 19:33:23'),
('http://www.comuni-italiani.it', '2015-01-18 19:13:31'),
('http://www.consiglioaraldico.it', '2015-01-18 19:13:31'),
('http://www.coopi.org', '2015-01-18 19:13:36'),
('http://www.coralearmoniamundi.it', '2015-01-18 19:13:37'),
('http://www.coritoscana.it', '2015-01-18 19:13:48'),
('http://www.corosantospirito.it/', '2015-01-18 19:13:58'),
('http://www.corotrepini.it', '2015-01-18 19:13:59'),
('http://www.corpolibero.org/', '2015-01-18 19:14:02'),
('http://www.corsincitta.it', '2015-01-18 19:14:03'),
('http://www.cospe.org', '2015-01-18 19:14:15'),
('http://www.cralulss16.it/', '2015-01-18 19:14:24'),
('http://www.cripadova.it/', '2015-01-18 19:14:37'),
('http://www.csibologna.it/', '2015-01-18 19:14:42'),
('http://www.ctgveneto.it/', '2015-01-18 19:14:50'),
('http://www.cuamm.org/', '2015-01-18 19:14:58'),
('http://www.cuc-cinemauno.it/', '2015-01-18 19:15:02'),
('http://www.cucciolosport.it', '2015-01-18 19:15:15'),
('http://www.cuipd.blogspot.com/', '2015-01-18 19:15:20'),
('http://www.culturaemusica.it', '2015-01-18 19:15:23'),
('http://www.cvpuntamarina.com/', '2015-01-18 19:15:31'),
('http://www.daccapo.org', '2015-01-18 19:15:37'),
('http://www.danza.it', '2015-01-18 19:15:54'),
('http://www.danzagestuale.it', '2015-01-18 19:16:04'),
('http://www.danzarteatro.com', '2015-01-18 19:16:06'),
('http://www.danzaurbana.it', '2015-01-18 19:16:24'),
('http://www.dedicatonlus.info', '2015-01-18 19:16:28'),
('http://www.deleofundonlus.org/', '2015-01-18 19:16:50'),
('http://www.demusicaonlus.it', '2015-01-18 19:16:52'),
('http://www.diarchitettura.org/', '2015-01-18 19:17:03'),
('http://www.divefun.it/', '2015-01-18 19:17:08'),
('http://www.dottorclownpadova.org', '2015-01-18 19:18:03'),
('http://www.durgananda.it/', '2015-01-18 19:18:06'),
('http://www.e-glossa.it', '2015-01-18 19:18:15'),
('http://www.ecoveneto.it', '2015-01-18 19:18:18'),
('http://www.emergencypadova.altervista.org/', '2015-01-18 20:03:18'),
('http://www.emiliaromagnateatro.com', '2015-01-18 19:33:38'),
('http://www.emiliaromagnateatro.com/', '2015-01-18 19:33:22'),
('http://www.emozionincanto.it/', '2015-01-18 19:33:24'),
('http://www.enars.it/', '2015-01-18 19:32:58'),
('http://www.energym-club.it/', '2015-01-18 19:31:11'),
('http://www.enpa.it', '2015-01-18 19:31:12'),
('http://www.entes.it', '2015-01-18 19:31:31'),
('http://www.ertgiovani.com', '2015-01-18 19:30:15'),
('http://www.esnpadova.it', '2015-01-18 19:30:17'),
('http://www.estatemusicalefrentana.it', '2015-01-18 19:30:21'),
('http://www.estnord.it/lies/', '2015-01-18 19:31:39'),
('http://www.euganeabonsai.org', '2015-01-18 19:31:47'),
('http://www.eventipadovaeoltre.org/', '2015-01-18 19:31:51'),
('http://www.fantaghiro.org', '2015-01-18 19:31:56'),
('http://www.federdanza-agis.org', '2015-01-18 19:27:17'),
('http://www.federdanza.it', '2015-01-18 19:27:19'),
('http://www.felixefido.it', '2015-01-18 19:27:26'),
('http://www.ferraraitalia.it', '2015-01-18 19:32:05'),
('http://www.ferraramusica.it/', '2015-01-18 19:32:10'),
('http://www.festadeipopoli.it', '2015-01-18 19:32:13'),
('http://www.festaeuropeadellamusica.it/', '2015-01-18 19:32:14'),
('http://www.festaperte.org/', '2015-01-18 19:30:37'),
('http://www.festivaldelcinemapovero.com', '2015-01-18 19:30:15'),
('http://www.fidaspadova.it', '2015-01-18 19:30:23'),
('http://www.film.it', '2015-01-18 19:30:40'),
('http://www.flautomagico.it', '2015-01-18 19:30:44'),
('http://www.fondazionebaccichetti.it', '2015-01-18 19:30:47'),
('http://www.fondazionecomunica.org/', '2015-01-18 19:30:50'),
('http://www.fondazioneminnaja.com/', '2015-01-18 19:31:06'),
('http://www.fotoantenore.org', '2015-01-18 19:18:52'),
('http://www.fratellidelluomo.org', '2015-01-18 19:18:53'),
('http://www.freedomforchildren.org/', '2015-01-18 19:18:56'),
('http://www.fsugpadova.org', '2015-01-18 19:19:04'),
('http://www.gecaonlus.org', '2015-01-18 19:19:11'),
('http://www.generazionisolidali.org/', '2015-01-18 19:19:14'),
('http://www.genitorialita.it', '2015-01-18 19:19:21'),
('http://www.ghostshockey.it/', '2015-01-18 19:19:30'),
('http://www.giorgioperlasca.it', '2015-01-18 19:19:37'),
('http://www.giovanemontagna.org', '2015-01-18 19:19:42'),
('http://www.gregorense.com/', '2015-01-18 19:19:45'),
('http://www.gruppiarcheologicidelveneto.it', '2015-01-18 19:19:52'),
('http://www.gruppocinofiloilgelso.it', '2015-01-18 19:20:00'),
('http://www.gruppoloscarponepadova.it/', '2015-01-18 19:20:09'),
('http://www.gsquickly.com', '2015-01-18 19:20:13'),
('http://www.heritageforum.org', '2015-01-18 19:20:15'),
('http://www.hrawareness.org', '2015-01-18 19:20:17'),
('http://www.i5elementi.info/', '2015-01-18 19:20:25'),
('http://www.ibmp.it', '2015-01-18 19:20:37'),
('http://www.icaro-ldv.org', '2015-01-18 19:20:39'),
('http://www.icinqueelementi.com', '2015-01-18 19:20:40'),
('http://www.icit.it', '2015-01-18 19:20:41'),
('http://www.ifeditalia.org/', '2015-01-18 19:20:49'),
('http://www.ilflaneur.com', '2015-01-18 19:20:54'),
('http://www.ilghirlandaio.com', '2015-01-18 19:20:57'),
('http://www.ilnotesmagico.it', '2015-01-18 19:21:06'),
('http://www.ilsognodistefano.it', '2015-01-18 19:21:16'),
('http://www.imolaviverelamusica.it', '2015-01-18 19:21:21'),
('http://www.impresaitalia.info', '2015-01-18 19:21:26'),
('http://www.imusicipatavini.it', '2015-01-18 19:21:29'),
('http://www.in-giro.net', '2015-01-18 19:21:31'),
('http://www.incontragiovani.it', '2015-01-18 19:21:33'),
('http://www.indire.it', '2015-01-18 19:21:36'),
('http://www.informagiovani.fe.it', '2015-01-18 19:21:39'),
('http://www.informagiovanni.it', '2015-01-18 19:21:41'),
('http://www.inghetto.it', '2015-01-18 19:21:53'),
('http://www.intercultura.it', '2015-01-18 19:21:56'),
('http://www.interensemble.it', '2015-01-18 19:22:00'),
('http://www.iosonoli.com', '2015-01-18 19:22:05'),
('http://www.iqvpd.it/', '2015-01-18 19:22:06'),
('http://www.irfoss.it/', '2015-01-18 19:22:09'),
('http://www.istitutobruni.com/liceo-scientifico-privato-padova-r-bruni/genitori/associazione-genitori', '2015-01-18 19:22:34'),
('http://www.istitutointernazionaleperlaricercateatrale.it', '2015-01-18 19:22:48'),
('http://www.jardin.it/', '2015-01-18 19:22:56'),
('http://www.jindojo.it', '2015-01-18 19:22:58'),
('http://www.jonasonlus.it/', '2015-01-18 19:23:03'),
('http://www.joomlaveneto.org/', '2015-01-18 19:23:05'),
('http://www.karibuafrika.it', '2015-01-18 19:23:12'),
('http://www.kinima.it/', '2015-01-18 19:23:16'),
('http://www.kitoonlus.org/', '2015-01-18 19:23:28'),
('http://www.labiennale.org', '2015-01-18 19:13:30'),
('http://www.labiolca.it/', '2015-01-18 19:13:36'),
('http://www.lafattoriaincitta.org/', '2015-01-18 19:13:44'),
('http://www.lamusicainterna.it', '2015-01-18 19:13:54'),
('http://www.lanternamagica.org', '2015-01-18 19:13:54'),
('http://www.lapiazzaelira.it', '2015-01-18 19:14:00'),
('http://www.laprimaweb.it', '2015-01-18 19:14:01'),
('http://www.lasferadanza.it/', '2015-01-18 19:14:12'),
('http://www.latenda.org', '2015-01-18 19:14:15'),
('http://www.latintango.it', '2015-01-18 19:14:17'),
('http://www.latorlonga.it/', '2015-01-18 19:14:21'),
('http://www.lav.it/sedi/padova', '2015-01-18 19:14:24'),
('http://www.legaconsumatoriveneto.it', '2015-01-18 19:14:28'),
('http://www.legadelcane-padova.it/', '2015-01-18 19:14:30'),
('http://www.lescuoledirecitazione.it', '2015-01-18 19:14:35'),
('http://www.lettere.unipd.it/cmp', '2015-01-18 19:14:38'),
('http://www.libertaegiustizia.it', '2015-01-18 20:03:21'),
('http://www.libertaspadova.it', '2015-01-18 19:33:22'),
('http://www.lifelineitalia.org', '2015-01-18 19:33:30'),
('http://www.liltpadova.it/', '2015-01-18 19:27:33'),
('http://www.luciasardo.it', '2015-01-18 19:27:57'),
('http://www.macine.net', '2015-01-18 19:27:59'),
('http://www.maisha.it', '2015-01-18 19:28:07'),
('http://www.mammacheservizio.it/', '2015-01-18 19:28:08'),
('http://www.mancikalalu.org', '2015-01-18 19:28:18'),
('http://www.mappaluna.it', '2015-01-18 19:28:38'),
('http://www.marcadoc.com', '2015-01-18 19:28:50'),
('http://www.marcellinovais.it', '2015-01-18 19:28:52'),
('http://www.marcheinfesta.it', '2015-01-18 19:29:02'),
('http://www.marchejazznetwork.it', '2015-01-18 19:29:07'),
('http://www.marcheteatro.it', '2015-01-18 19:29:18'),
('http://www.melodiedoriente.it/', '2015-01-18 19:29:25'),
('http://www.metaarte.it', '2015-01-18 19:29:27'),
('http://www.mfe.it', '2015-01-18 19:29:35'),
('http://www.midasemiliaromagna.it', '2015-01-18 19:29:39'),
('http://www.mideando.it', '2015-01-18 19:29:40'),
('http://www.minicizotti.it', '2015-01-18 19:29:47'),
('http://www.mirpadova.org', '2015-01-18 19:29:51'),
('http://www.momart.padova.it', '2015-01-18 19:29:56'),
('http://www.momentosdealegria.org/', '2015-01-18 19:27:07'),
('http://www.mondoimmigrati.com/', '2015-01-18 19:27:11'),
('http://www.mopl.it', '2015-01-18 19:27:15'),
('http://www.mortise2000.it/', '2015-01-18 19:27:20'),
('http://www.motusmundi.it/', '2015-01-18 19:27:24'),
('http://www.muradipadova.it', '2015-01-18 19:27:28'),
('http://www.musbapa.it/', '2015-01-18 19:29:59'),
('http://www.museovenetogiocattolo.it/', '2015-01-18 19:30:06'),
('http://www.music-marche.com', '2015-01-18 19:30:12'),
('http://www.musica90.net', '2015-01-18 19:18:59'),
('http://www.musicaanticamagnano.com', '2015-01-18 19:19:02'),
('http://www.musicaficta.org', '2015-01-18 19:19:24'),
('http://www.musicanovecento.com', '2015-01-18 19:19:28'),
('http://www.musicaperta.it', '2015-01-18 19:19:30'),
('http://www.musicaricercata.eu', '2015-01-18 19:19:30'),
('http://www.musicavenezia.org', '2015-01-18 19:19:31'),
('http://www.musicaventunesimo.it', '2015-01-18 19:19:32'),
('http://www.mystartpage.it', '2015-01-18 19:19:39'),
('http://www.nairionlus.org/', '2015-01-18 19:19:44'),
('http://www.neuropatia.it/', '2015-01-18 19:19:47'),
('http://www.nidoilgirotondo.com/', '2015-01-18 19:19:49'),
('http://www.noiassociazione.org', '2015-01-18 19:19:50'),
('http://www.noipadova.it', '2015-01-18 19:19:58'),
('http://www.nonprofit.viainternet.org', '2015-01-18 19:19:59'),
('http://www.nonprofitonline.it', '2015-01-18 19:20:07'),
('http://www.noprofit.org', '2015-01-18 19:20:09'),
('http://www.nordicwalkingpadova.it/', '2015-01-18 19:20:09'),
('http://www.nordicwalkingpd.altervista.org/', '2015-01-18 19:20:15'),
('http://www.nozzeclick.com', '2015-01-18 19:20:17'),
('http://www.occhioallanotizia.it', '2015-01-18 19:20:23'),
('http://www.officinespressive.it/', '2015-01-18 19:20:33'),
('http://www.oikos-bios.org', '2015-01-18 19:20:34'),
('http://www.oltrelosport-padova.it', '2015-01-18 19:20:47'),
('http://www.olympiavolley.com', '2015-01-18 19:20:50'),
('http://www.operaedimar.org', '2015-01-18 19:21:00'),
('http://www.orchestragiovaniledelveneto.it', '2015-01-18 19:21:05'),
('http://www.osservatoriospettacoloveneto.it', '2015-01-18 19:21:07'),
('http://www.overlord.it', '2015-01-18 19:21:23'),
('http://www.oxfamitalia.org/', '2015-01-18 19:21:32'),
('http://www.padovadanza.it', '2015-01-18 19:21:33'),
('http://www.padovadonne.it/', '2015-01-18 19:21:56'),
('http://www.padovajazz.com', '2015-01-18 19:22:00'),
('http://www.padovaorni.it/', '2015-01-18 19:22:03'),
('http://www.padovaricamalarte.it/', '2015-01-18 19:22:12'),
('http://www.padovarte.com/', '2015-01-18 19:22:17'),
('http://www.padovasoccorso.it/', '2015-01-18 19:22:19'),
('http://www.padovatriathlon.it', '2015-01-18 19:22:27'),
('http://www.padovayoga.org/', '2015-01-18 19:22:30'),
('http://www.palioarcella.it', '2015-01-18 19:22:32'),
('http://www.pane-rose.it', '2015-01-18 19:22:49'),
('http://www.parieuguali.it', '2015-01-18 19:23:37'),
('http://www.parmasub.it/news.php', '2015-01-18 19:23:45'),
('http://www.parrocchiabrusegana.it/', '2015-01-18 19:23:51'),
('http://www.pattinaggioaltichiero.com/', '2015-01-18 19:23:57'),
('http://www.peacelink.it', '2015-01-18 19:24:00'),
('http://www.peldicarota.it/', '2015-01-18 19:24:03'),
('http://www.perilmondo.org', '2015-01-18 19:24:04'),
('http://www.perme.info/', '2015-01-18 19:24:07'),
('http://www.perunanuovavita.org', '2015-01-18 19:24:09'),
('http://www.perunsorriso.com', '2015-01-18 19:24:11'),
('http://www.petproject.it', '2015-01-18 19:24:15'),
('http://www.petrarcascherma.it', '2015-01-18 19:24:22'),
('http://www.piccolipunti.it/', '2015-01-18 19:24:27'),
('http://www.piccolo-padova.it', '2015-01-18 19:24:37'),
('http://www.planetariopadova.it/index.php', '2015-01-18 19:24:39'),
('http://www.pointticket.it', '2015-01-18 19:24:41'),
('http://www.polisbrentella.it', '2015-01-18 19:24:43'),
('http://www.popolinsieme.eu', '2015-01-18 19:24:49'),
('http://www.poste-impresa.it', '2015-01-18 19:24:51'),
('http://www.professionisti.it', '2015-01-18 19:24:55'),
('http://www.progettodogon.org/', '2015-01-18 19:24:58'),
('http://www.progettogulliver.org/', '2015-01-18 19:25:06'),
('http://www.progettomattoneinternazionale.it', '2015-01-18 19:25:08'),
('http://www.provincia.fi.it', '2015-01-18 19:25:11'),
('http://www.provincia.palermo.it', '2015-01-18 19:13:30'),
('http://www.provincia.pd.it', '2015-01-18 19:13:51'),
('http://www.provincia.ra.it', '2015-01-18 19:13:55'),
('http://www.provincia.re.it', '2015-01-18 19:14:04'),
('http://www.psicodiscendenza.it/', '2015-01-18 19:14:08'),
('http://www.psicologisenzafrontiere.org', '2015-01-18 19:14:13'),
('http://www.psicorporea.it', '2015-01-18 19:14:14'),
('http://www.psipopoli-veneto.org', '2015-01-18 19:14:22'),
('http://www.quantitasqualitatis.it', '2015-01-18 19:14:23'),
('http://www.rampanti.org/', '2015-01-18 19:14:26'),
('http://www.rarinantespatavium.it', '2015-01-18 19:14:26'),
('http://www.rcv.veneto.it/', '2015-01-18 19:14:36'),
('http://www.regazzo.org/', '2015-01-18 19:14:38'),
('http://www.regione.emilia-romagna.it', '2015-01-18 19:14:42'),
('http://www.regione.lombardia.it', '2015-01-18 19:14:43'),
('http://www.retecivica.trieste.it', '2015-01-18 20:03:17'),
('http://www.retenoprofit.it', '2015-01-18 19:33:05'),
('http://www.riminibeach.it', '2015-01-18 19:30:24'),
('http://www.risorsalongevita.org/', '2015-01-18 19:33:08'),
('http://www.ristretti.it', '2015-01-18 19:33:13'),
('http://www.ritmolandia.it', '2015-01-18 19:31:10'),
('http://www.riverfilmfestival.org/', '2015-01-18 19:31:26'),
('http://www.rm.camcom.it', '2015-01-18 19:32:11'),
('http://www.rosminipadova.it/', '2015-01-18 19:32:18'),
('http://www.rossoprofili.it/', '2015-01-18 19:32:32'),
('http://www.ruzzantini.it', '2015-01-18 19:27:02'),
('http://www.sa-ero.archivi.beniculturali.it', '2015-01-18 19:27:04'),
('http://www.sanmarcocalcio.com/', '2015-01-18 19:27:13'),
('http://www.sanpiox.org', '2015-01-18 19:27:14'),
('http://www.santegidio.org/', '2015-01-18 19:27:24'),
('http://www.sanvincenzoitalia.it/', '2015-01-18 19:32:45'),
('http://www.scienzaegoverno.org/', '2015-01-18 19:18:53'),
('http://www.scoutneruda.it', '2015-01-18 19:19:05'),
('http://www.scuoladimusicoterapia.it', '2015-01-18 19:19:07'),
('http://www.scuoladiteatrodibologna.it', '2015-01-18 19:19:09'),
('http://www.scuolafamiglia.org', '2015-01-18 19:19:13'),
('http://www.scuolamusicale.com', '2015-01-18 19:19:22'),
('http://www.sdmteam.it/', '2015-01-18 19:19:35'),
('http://www.seratiamo.it', '2015-01-18 19:19:50'),
('http://www.sfe-pd.it/', '2015-01-18 19:20:02'),
('http://www.shiatsu.it/', '2015-01-18 19:20:07'),
('http://www.shinynote.com', '2015-01-18 19:20:10'),
('http://www.sindrome-eec.it/', '2015-01-18 19:20:19'),
('http://www.sippnet.it', '2015-01-18 19:20:37'),
('http://www.sismpadova.org', '2015-01-18 19:20:38'),
('http://www.soroptimistpadova.it/', '2015-01-18 19:20:40'),
('http://www.sosafrica-pd.org', '2015-01-18 19:20:41'),
('http://www.sound-musiche.it', '2015-01-18 19:20:47'),
('http://www.spaziocontatto.net/', '2015-01-18 19:22:27'),
('http://www.stagionearmonica.it', '2015-01-18 19:22:28'),
('http://www.stonesbike.it/', '2015-01-18 19:22:33'),
('http://www.studioattori.it', '2015-01-18 19:22:48'),
('http://www.studirosacrociani.com', '2015-01-18 19:22:52'),
('http://www.studyoyoga.it', '2015-01-18 19:22:57'),
('http://www.taichi-wudang.com/', '2015-01-18 19:22:58'),
('http://www.tamteatromusica.it/', '2015-01-18 19:23:00'),
('http://www.tappetovolantepadova.com', '2015-01-18 19:23:05'),
('http://www.taracittamani.it', '2015-01-18 19:23:12'),
('http://www.teamforchildren.it', '2015-01-18 19:23:29'),
('http://www.teamphototravel.it/', '2015-01-18 19:23:32'),
('http://www.teatroaicolli.com/', '2015-01-18 19:24:03'),
('http://www.teatrobonci.it', '2015-01-18 19:24:03'),
('http://www.teatrocarcere-emiliaromagna.it', '2015-01-18 19:24:08'),
('http://www.teatrocontinuo.it/', '2015-01-18 19:24:16'),
('http://www.teatrodelinutile.com/', '2015-01-18 19:24:18'),
('http://www.teatrodellagranguardia.it', '2015-01-18 19:24:20'),
('http://www.teatrofuorirotta.it/', '2015-01-18 19:24:30'),
('http://www.teatroinvisibile.it', '2015-01-18 19:24:37'),
('http://www.teatrolaterale.it', '2015-01-18 19:24:41'),
('http://www.teatronecessario.it/', '2015-01-18 19:24:43'),
('http://www.teatronucleo.org', '2015-01-18 19:24:47'),
('http://www.teatropopolare.org', '2015-01-18 19:24:48'),
('http://www.terepia.org', '2015-01-18 19:24:55'),
('http://www.theandromedasociety.org', '2015-01-18 19:24:58'),
('http://www.tommasopengo.org', '2015-01-18 19:25:00'),
('http://www.tonicorti.org', '2015-01-18 19:25:08'),
('http://www.torlonga.it/', '2015-01-18 19:25:11'),
('http://www.tsukikage.it', '2015-01-18 19:25:13'),
('http://www.tycoon.pd.it', '2015-01-18 19:25:15'),
('http://www.uaar.it/padova', '2015-01-18 19:25:20'),
('http://www.uiciechi.it', '2015-01-18 19:25:23'),
('http://www.uildmpadova.it/', '2015-01-18 19:25:56'),
('http://www.uisp.it/padova/', '2015-01-18 19:25:59'),
('http://www.unicaterra.it/', '2015-01-18 19:26:06'),
('http://www.unipd-org.it/ARCS', '2015-01-18 19:26:08'),
('http://www.unmspd.org', '2015-01-18 19:26:14'),
('http://www.usarcella.com/', '2015-01-18 19:26:23'),
('http://www.usdsalboro.it', '2015-01-18 19:26:25'),
('http://www.usjuvenilia.it', '2015-01-18 19:26:29'),
('http://www.ustorre.org/', '2015-01-18 19:26:41'),
('http://www.validealternative.com/', '2015-01-18 19:26:45'),
('http://www.valsesiamusica.com', '2015-01-18 19:26:46'),
('http://www.valsuganarugby.it', '2015-01-18 19:26:46'),
('http://www.veciapadova.org/', '2015-01-18 19:26:52'),
('http://www.veladriatico.it', '2015-01-18 19:26:52'),
('http://www.venetofactory.com', '2015-01-18 19:26:56'),
('http://www.veniceandlagoon.net', '2015-01-18 20:03:25'),
('http://www.videsveneto.org', '2015-01-18 19:33:04'),
('http://www.viefestivalmodena.com', '2015-01-18 19:33:17'),
('http://www.vippadova.org', '2015-01-18 19:30:15'),
('http://www.vivi-amovillabreda.blogspot.it/', '2015-01-18 19:30:18'),
('http://www.viviautismo.org/', '2015-01-18 19:31:16'),
('http://www.voiceinprogress.it/', '2015-01-18 19:31:28'),
('http://www.volontadivivere.org', '2015-01-18 19:31:29'),
('http://www.voltabarozzo.it/', '2015-01-18 19:31:36'),
('http://www.yabasta.it/', '2015-01-18 19:31:43'),
('http://www.ynsula.it/', '2015-01-18 19:31:49'),
('http://www.zalab.org', '2015-01-18 19:31:52'),
('http://www.zenskypadovafemminile.it', '2015-01-18 19:32:08'),
('http://www.zoo-arcipd.it/', '2015-01-18 19:32:08');

--
-- Limiti per le tabelle scaricate
--

--
-- Limiti per la tabella `associazioni`
--
ALTER TABLE `associazioni`
  ADD CONSTRAINT `associazioni_ibfk_1` FOREIGN KEY (`sito`) REFERENCES `elenco_siti` (`Sito`);

--
-- Limiti per la tabella `elenco_email`
--
ALTER TABLE `elenco_email`
  ADD CONSTRAINT `elenco_email_ibfk_1` FOREIGN KEY (`sito`) REFERENCES `elenco_siti` (`Sito`);

--
-- Limiti per la tabella `elenco_numeri`
--
ALTER TABLE `elenco_numeri`
  ADD CONSTRAINT `elenco_numeri_ibfk_1` FOREIGN KEY (`sito`) REFERENCES `elenco_siti` (`Sito`);
